Voltage (V),Current (A)
0.0,-1.996857e-12
0.01,2.147568e-09
0.02,4.304649e-09
0.03,6.464734e-09
0.04,8.632266e-09
0.05,1.082317e-08
0.06,1.301354e-08
0.07,1.519934e-08
0.08,1.740577e-08
0.09,1.961602e-08
0.1,2.183991e-08
0.11,2.406752e-08
0.12,2.627088e-08
0.13,2.85179e-08
0.14,3.075364e-08
0.15,3.29646e-08
0.16,3.527691e-08
0.17,3.754977e-08
0.18,3.982564e-08
0.19,4.214845e-08
0.2,4.450416e-08
0.21,4.6834e-08
0.22,4.909566e-08
0.23,5.140659e-08
0.24,5.376645e-08
0.25,5.61637e-08
0.26,5.85371e-08
0.27,6.090134e-08
0.28,6.327592e-08
0.29,6.566076e-08
0.3,6.80642e-08
0.31,7.048668e-08
0.32,7.295414e-08
0.33,7.543098e-08
0.34,7.7882e-08
0.35000000000000003,8.034329e-08
0.36,8.28343e-08
0.37,8.534146e-08
0.38,8.787428e-08
0.39,9.044831e-08
0.4,9.295632e-08
0.41000000000000003,9.546231e-08
0.42,9.794348e-08
0.43,1.004618e-07
0.44,1.030071e-07
0.45,1.04385e-07
0.46,1.083705e-07
0.47000000000000003,1.10821e-07
0.48,1.134153e-07
0.49,1.159545e-07
0.5,1.18431e-07
0.51,1.211125e-07
0.52,1.235739e-07
0.53,1.261468e-07
0.54,1.287738e-07
0.55,1.314423e-07
0.56,1.341699e-07
0.5700000000000001,1.368401e-07
0.58,1.395356e-07
0.59,1.422622e-07
0.6,1.449519e-07
0.61,1.475697e-07
0.62,1.503728e-07
0.63,1.531607e-07
0.64,1.557902e-07
0.65,1.586869e-07
0.66,1.614257e-07
0.67,1.640964e-07
0.68,1.669855e-07
0.6900000000000001,1.698464e-07
0.7000000000000001,1.726865e-07
0.71,1.755635e-07
0.72,1.783873e-07
0.73,1.811434e-07
0.74,1.841136e-07
0.75,1.869265e-07
0.76,1.898239e-07
0.77,1.926539e-07
0.78,1.955538e-07
0.79,1.985375e-07
0.8,2.015189e-07
0.81,2.044125e-07
0.8200000000000001,2.073545e-07
0.8300000000000001,2.103689e-07
0.84,2.132727e-07
0.85,2.163013e-07
0.86,2.193535e-07
0.87,2.22394e-07
0.88,2.254436e-07
0.89,2.28504e-07
0.9,2.314119e-07
0.91,2.344377e-07
0.92,2.375604e-07
0.93,2.404998e-07
0.9400000000000001,2.436942e-07
0.9500000000000001,2.469382e-07
0.96,2.499476e-07
0.97,2.530766e-07
0.98,2.561076e-07
0.99,2.592949e-07
1.0,2.623194e-07
1.01,2.655568e-07
1.02,2.688187e-07
1.03,2.720696e-07
1.04,2.753692e-07
1.05,2.785949e-07
1.06,2.818726e-07
1.07,2.848602e-07
1.08,2.88047e-07
1.09,2.913294e-07
1.1,2.945305e-07
1.11,2.976616e-07
1.12,3.010122e-07
1.1300000000000001,3.043369e-07
1.1400000000000001,3.07356e-07
1.1500000000000001,3.104976e-07
1.16,3.138894e-07
1.17,3.170869e-07
1.18,3.205392e-07
1.19,3.236891e-07
1.2,3.269572e-07
1.21,3.30238e-07
1.22,3.334985e-07
1.23,3.370671e-07
1.24,3.401561e-07
1.25,3.434282e-07
1.26,3.466945e-07
1.27,3.500611e-07
1.28,3.536286e-07
1.29,3.56986e-07
1.3,3.603798e-07
1.31,3.63344e-07
1.32,3.666205e-07
1.33,3.698915e-07
1.34,3.732285e-07
1.35,3.765175e-07
1.36,3.800866e-07
1.37,3.835457e-07
1.3800000000000001,3.868674e-07
1.3900000000000001,3.901844e-07
1.4000000000000001,3.937865e-07
1.41,3.970452e-07
1.42,4.007778e-07
1.43,4.040971e-07
1.44,4.077037e-07
1.45,4.113546e-07
1.46,4.145655e-07
1.47,4.183423e-07
1.48,4.220908e-07
1.49,4.255434e-07
1.5,4.288607e-07
1.51,4.324609e-07
1.52,4.359376e-07
1.53,4.394148e-07
1.54,4.435189e-07
1.55,4.469326e-07
1.56,4.505191e-07
1.57,4.540092e-07
1.58,4.574215e-07
1.59,4.60659e-07
1.6,4.646907e-07
1.61,4.684809e-07
1.62,4.718892e-07
1.6300000000000001,4.757539e-07
1.6400000000000001,4.79589e-07
1.6500000000000001,4.829686e-07
1.6600000000000001,4.869802e-07
1.67,4.908684e-07
1.68,4.946954e-07
1.69,4.984594e-07
1.7,5.021321e-07
1.71,5.063599e-07
1.72,5.099834e-07
1.73,5.139019e-07
1.74,5.176483e-07
1.75,5.216395e-07
1.76,5.259929e-07
1.77,5.296906e-07
1.78,5.33998e-07
1.79,5.382284e-07
1.8,5.420115e-07
1.81,5.465171e-07
1.82,5.50778e-07
1.83,5.550331e-07
1.84,5.591351e-07
1.85,5.633308e-07
1.86,5.677027e-07
1.87,5.72473e-07
1.8800000000000001,5.765942e-07
1.8900000000000001,5.813935e-07
1.9000000000000001,5.862231e-07
1.9100000000000001,5.897978e-07
1.92,5.953152e-07
1.93,6.017578e-07
1.94,6.074101e-07
1.95,6.132635e-07
1.96,6.177706e-07
1.97,6.228294e-07
1.98,6.268808e-07
1.99,6.31572e-07
2.0,6.36024e-07
2.0100000000000002,6.407824e-07
2.02,6.455473e-07
2.0300000000000002,6.502878e-07
2.04,6.548506e-07
2.05,6.595204e-07
2.06,6.641297e-07
2.07,6.687288e-07
2.08,6.7394e-07
2.09,6.788333e-07
2.1,6.836023e-07
2.11,6.892165e-07
2.12,6.946963e-07
2.13,6.994304e-07
2.14,7.040253e-07
2.15,7.090052e-07
2.16,7.139793e-07
2.17,7.192274e-07
2.18,7.239025e-07
2.19,7.295212e-07
2.2,7.351883e-07
2.21,7.403598e-07
2.22,7.454919e-07
2.23,7.506449e-07
2.24,7.568334e-07
2.25,7.622785e-07
2.2600000000000002,7.674829e-07
2.27,7.725255e-07
2.2800000000000002,7.776054e-07
2.29,7.825701e-07
2.3000000000000003,7.883361e-07
2.31,7.934279e-07
2.32,7.990263e-07
2.33,8.05016e-07
2.34,8.115626e-07
2.35,8.171835e-07
2.36,8.224766e-07
2.37,8.286543e-07
2.38,8.33928e-07
2.39,8.395993e-07
2.4,8.453969e-07
2.41,8.515311e-07
2.42,8.572052e-07
2.43,8.624991e-07
2.44,8.687255e-07
2.45,8.746472e-07
2.46,8.808931e-07
2.47,8.874594e-07
2.48,8.926344e-07
2.49,8.984726e-07
2.5,9.050526e-07
2.5100000000000002,9.102301e-07
2.52,9.164507e-07
2.5300000000000002,9.229484e-07
2.54,9.292572e-07
2.5500000000000003,9.353248e-07
2.56,9.414063e-07
2.57,9.475037e-07
2.58,9.530518e-07
2.59,9.594768e-07
2.6,9.654981e-07
2.61,9.71788e-07
2.62,9.776595e-07
2.63,9.842936e-07
2.64,9.910257e-07
2.65,9.964866e-07
2.66,1.002673e-06
2.67,1.009983e-06
2.68,1.016196e-06
2.69,1.022811e-06
2.7,1.029369e-06
2.71,1.034622e-06
2.72,1.040504e-06
2.73,1.050961e-06
2.74,1.059094e-06
2.75,1.065442e-06
2.7600000000000002,1.070969e-06
2.77,1.077183e-06
2.7800000000000002,1.084124e-06
2.79,1.090533e-06
2.8000000000000003,1.096892e-06
2.81,1.102675e-06
2.82,1.109256e-06
2.83,1.115564e-06
2.84,1.121732e-06
2.85,1.128355e-06
2.86,1.134924e-06
2.87,1.141408e-06
2.88,1.147982e-06
2.89,1.155145e-06
2.9,1.161318e-06
2.91,1.167315e-06
2.92,1.174535e-06
2.93,1.181045e-06
2.94,1.187067e-06
2.95,1.193606e-06
2.96,1.200061e-06
2.97,1.206914e-06
2.98,1.215227e-06
2.99,1.220796e-06
3.0,1.226893e-06
3.0100000000000002,1.233685e-06
3.02,1.23993e-06
3.0300000000000002,1.245671e-06
3.04,1.250212e-06
3.0500000000000003,1.256868e-06
3.06,1.264714e-06
3.0700000000000003,1.27104e-06
3.08,1.276367e-06
3.09,1.282309e-06
3.1,1.289195e-06
3.11,1.295614e-06
3.12,1.301599e-06
3.13,1.307564e-06
3.14,1.314463e-06
3.15,1.320503e-06
3.16,1.327315e-06
3.17,1.334542e-06
3.18,1.341785e-06
3.19,1.346892e-06
3.2,1.353735e-06
3.21,1.359678e-06
3.22,1.366158e-06
3.23,1.37237e-06
3.24,1.378764e-06
3.25,1.385086e-06
3.2600000000000002,1.389515e-06
3.27,1.39528e-06
3.2800000000000002,1.401574e-06
3.29,1.407742e-06
3.3000000000000003,1.415664e-06
3.31,1.421502e-06
3.3200000000000003,1.427816e-06
3.33,1.433488e-06
3.34,1.439379e-06
3.35,1.445431e-06
3.36,1.449907e-06
3.37,1.457173e-06
3.38,1.463352e-06
3.39,1.467909e-06
3.4,1.473028e-06
3.41,1.479174e-06
3.42,1.485915e-06
3.43,1.490895e-06
3.44,1.497915e-06
3.45,1.503012e-06
3.46,1.509135e-06
3.47,1.513651e-06
3.48,1.519955e-06
3.49,1.526414e-06
3.5,1.530249e-06
3.5100000000000002,1.535804e-06
3.52,1.541507e-06
3.5300000000000002,1.545367e-06
3.54,1.552021e-06
3.5500000000000003,1.557395e-06
3.56,1.563395e-06
3.5700000000000003,1.568158e-06
3.58,1.57467e-06
3.59,1.579377e-06
3.6,1.584705e-06
3.61,1.588806e-06
3.62,1.59313e-06
3.63,1.598475e-06
3.64,1.604896e-06
3.65,1.609798e-06
3.66,1.614338e-06
3.67,1.61739e-06
3.68,1.621051e-06
3.69,1.627187e-06
3.7,1.63207e-06
3.71,1.635916e-06
3.72,1.640481e-06
3.73,1.644949e-06
3.74,1.650261e-06
3.75,1.654416e-06
3.7600000000000002,1.659743e-06
3.77,1.665565e-06
3.7800000000000002,1.668476e-06
3.79,1.675235e-06
3.8000000000000003,1.676747e-06
3.81,1.680971e-06
3.8200000000000003,1.686814e-06
3.83,1.690835e-06
3.84,1.695283e-06
3.85,1.699338e-06
3.86,1.702673e-06
3.87,1.707271e-06
3.88,1.712682e-06
3.89,1.715641e-06
3.9,1.719829e-06
3.91,1.722612e-06
3.92,1.730705e-06
3.93,1.734594e-06
3.94,1.737183e-06
3.95,1.742341e-06
3.96,1.745322e-06
3.97,1.748806e-06
3.98,1.75275e-06
3.99,1.757515e-06
4.0,1.760257e-06
4.01,1.767634e-06
4.0200000000000005,1.766743e-06
4.03,1.760398e-06
4.04,1.762458e-06
4.05,1.766535e-06
4.0600000000000005,1.770603e-06
4.07,1.770162e-06
4.08,1.777199e-06
4.09,1.778344e-06
4.1,1.784009e-06
4.11,1.785056e-06
4.12,1.785048e-06
4.13,1.790794e-06
4.14,1.793873e-06
4.15,1.797987e-06
4.16,1.80163e-06
4.17,1.803016e-06
4.18,1.805394e-06
4.19,1.808271e-06
4.2,1.811569e-06
4.21,1.814322e-06
4.22,1.816821e-06
4.23,1.817341e-06
4.24,1.82265e-06
4.25,1.827157e-06
4.26,1.830399e-06
4.2700000000000005,1.833334e-06
4.28,1.83612e-06
4.29,1.838916e-06
4.3,1.841127e-06
4.3100000000000005,1.843318e-06
4.32,1.847612e-06
4.33,1.844339e-06
4.34,1.850952e-06
4.3500000000000005,1.854663e-06
4.36,1.858317e-06
4.37,1.858494e-06
4.38,1.866287e-06
4.39,1.86933e-06
4.4,1.872903e-06
4.41,1.875047e-06
4.42,1.8806e-06
4.43,1.881787e-06
4.44,1.882319e-06
4.45,1.885723e-06
4.46,1.886246e-06
4.47,1.889448e-06
4.48,1.899064e-06
4.49,1.902895e-06
4.5,1.904016e-06
4.51,1.908157e-06
4.5200000000000005,1.909977e-06
4.53,1.916882e-06
4.54,1.92475e-06
4.55,1.927855e-06
4.5600000000000005,1.929012e-06
4.57,1.929231e-06
4.58,1.929321e-06
4.59,1.933169e-06
4.6000000000000005,1.936152e-06
4.61,1.937321e-06
4.62,1.943134e-06
4.63,1.944909e-06
4.64,1.949404e-06
4.65,1.953148e-06
4.66,1.957155e-06
4.67,1.963129e-06
4.68,1.964898e-06
4.69,1.970206e-06
4.7,1.973749e-06
4.71,1.976939e-06
4.72,1.978353e-06
4.73,1.984843e-06
4.74,1.991593e-06
4.75,1.992581e-06
4.76,1.995963e-06
4.7700000000000005,1.998475e-06
4.78,2.005285e-06
4.79,2.010184e-06
4.8,2.010084e-06
4.8100000000000005,2.01621e-06
4.82,2.020855e-06
4.83,2.025005e-06
4.84,2.029056e-06
4.8500000000000005,2.033448e-06
4.86,2.038096e-06
4.87,2.041902e-06
4.88,2.047391e-06
4.89,2.048843e-06
4.9,2.053041e-06
4.91,2.058931e-06
4.92,2.063007e-06
4.93,2.067268e-06
4.94,2.068348e-06
4.95,2.071202e-06
4.96,2.076808e-06
4.97,2.081573e-06
4.98,2.086158e-06
4.99,2.090093e-06
5.0,2.094428e-06
5.01,2.097213e-06
5.0200000000000005,2.104726e-06
5.03,2.106756e-06
5.04,2.106437e-06
5.05,2.109178e-06
5.0600000000000005,2.116119e-06
5.07,2.120467e-06
5.08,2.126003e-06
5.09,2.131892e-06
5.1000000000000005,2.135081e-06
5.11,2.138137e-06
5.12,2.140952e-06
5.13,2.147693e-06
5.14,2.148346e-06
5.15,2.155256e-06
5.16,2.160194e-06
5.17,2.167016e-06
5.18,2.16986e-06
5.19,2.172992e-06
5.2,2.179015e-06
5.21,2.184112e-06
5.22,2.18645e-06
5.23,2.189549e-06
5.24,2.195339e-06
5.25,2.200233e-06
5.26,2.205665e-06
5.2700000000000005,2.209449e-06
5.28,2.214083e-06
5.29,2.216887e-06
5.3,2.220432e-06
5.3100000000000005,2.22398e-06
5.32,2.2312e-06
5.33,2.237222e-06
5.34,2.243929e-06
5.3500000000000005,2.24557e-06
5.36,2.249303e-06
5.37,2.257161e-06
5.38,2.260199e-06
5.39,2.266301e-06
5.4,2.269318e-06
5.41,2.271939e-06
5.42,2.27804e-06
5.43,2.283636e-06
5.44,2.283736e-06
5.45,2.290197e-06
5.46,2.294864e-06
5.47,2.300577e-06
5.48,2.311045e-06
5.49,2.310094e-06
5.5,2.315504e-06
5.51,2.319468e-06
5.5200000000000005,2.325951e-06
5.53,2.33251e-06
5.54,2.334489e-06
5.55,2.339716e-06
5.5600000000000005,2.346324e-06
5.57,2.354195e-06
5.58,2.363156e-06
5.59,2.370219e-06
5.6000000000000005,2.373772e-06
5.61,2.380797e-06
5.62,2.38397e-06
5.63,2.387399e-06
5.64,2.393229e-06
5.65,2.398337e-06
5.66,2.402315e-06
5.67,2.410342e-06
5.68,2.417353e-06
5.69,2.422505e-06
5.7,2.430797e-06
5.71,2.435556e-06
5.72,2.442325e-06
5.73,2.44748e-06
5.74,2.456543e-06
5.75,2.466596e-06
5.76,2.467643e-06
5.7700000000000005,2.47219e-06
5.78,2.477929e-06
5.79,2.481022e-06
5.8,2.485934e-06
5.8100000000000005,2.493241e-06
5.82,2.496461e-06
5.83,2.504025e-06
5.84,2.512181e-06
5.8500000000000005,2.516439e-06
5.86,2.522675e-06
5.87,2.525866e-06
5.88,2.533547e-06
5.89,2.539873e-06
5.9,2.543472e-06
5.91,2.546606e-06
5.92,2.553502e-06
5.93,2.558793e-06
5.94,2.562715e-06
5.95,2.569311e-06
5.96,2.577386e-06
5.97,2.580902e-06
5.98,2.588483e-06
5.99,2.593859e-06
6.0,2.597131e-06
6.01,2.606666e-06
6.0200000000000005,2.615312e-06
6.03,2.619174e-06
6.04,2.623101e-06
6.05,2.630281e-06
6.0600000000000005,2.635554e-06
6.07,2.642886e-06
6.08,2.650244e-06
6.09,2.657704e-06
6.1000000000000005,2.66284e-06
6.11,2.667232e-06
6.12,2.669393e-06
6.13,2.670404e-06
6.140000000000001,2.678588e-06
6.15,2.683908e-06
6.16,2.692416e-06
6.17,2.694793e-06
6.18,2.705591e-06
6.19,2.716214e-06
6.2,2.717125e-06
6.21,2.719508e-06
6.22,2.727347e-06
6.23,2.736946e-06
6.24,2.737362e-06
6.25,2.74796e-06
6.26,2.74812e-06
6.2700000000000005,2.757809e-06
6.28,2.756661e-06
6.29,2.763551e-06
6.3,2.767475e-06
6.3100000000000005,2.773581e-06
6.32,2.780296e-06
6.33,2.788762e-06
6.34,2.797204e-06
6.3500000000000005,2.796027e-06
6.36,2.802462e-06
6.37,2.806095e-06
6.38,2.805633e-06
6.390000000000001,2.814289e-06
6.4,2.813991e-06
6.41,2.821047e-06
6.42,2.823595e-06
6.43,2.824148e-06
6.44,2.830403e-06
6.45,2.833081e-06
6.46,2.844151e-06
6.47,2.841971e-06
6.48,2.849633e-06
6.49,2.857746e-06
6.5,2.86489e-06
6.51,2.868947e-06
6.5200000000000005,2.878022e-06
6.53,2.882417e-06
6.54,2.8829e-06
6.55,2.891678e-06
6.5600000000000005,2.898477e-06
6.57,2.901772e-06
6.58,2.904459e-06
6.59,2.912723e-06
6.6000000000000005,2.918164e-06
6.61,2.921344e-06
6.62,2.931106e-06
6.63,2.929145e-06
6.640000000000001,2.933158e-06
6.65,2.942846e-06
6.66,2.950824e-06
6.67,2.953625e-06
6.68,2.961191e-06
6.69,2.962093e-06
6.7,2.967484e-06
6.71,2.971826e-06
6.72,2.973594e-06
6.73,2.976833e-06
6.74,2.983849e-06
6.75,2.988484e-06
6.76,2.993061e-06
6.7700000000000005,3.002212e-06
6.78,3.007521e-06
6.79,3.013886e-06
6.8,3.019228e-06
6.8100000000000005,3.019294e-06
6.82,3.024973e-06
6.83,3.033626e-06
6.84,3.035237e-06
6.8500000000000005,3.044208e-06
6.86,3.045618e-06
6.87,3.049647e-06
6.88,3.057821e-06
6.890000000000001,3.056061e-06
6.9,3.066596e-06
6.91,3.072797e-06
6.92,3.074292e-06
6.93,3.079738e-06
6.94,3.088166e-06
6.95,3.094613e-06
6.96,3.104661e-06
6.97,3.099802e-06
6.98,3.110905e-06
6.99,3.108459e-06
7.0,3.114908e-06
7.01,3.119196e-06
7.0200000000000005,3.124343e-06
7.03,3.127061e-06
7.04,3.137407e-06
7.05,3.142568e-06
7.0600000000000005,3.145865e-06
7.07,3.148744e-06
7.08,3.146289e-06
7.09,3.163215e-06
7.1000000000000005,3.163339e-06
7.11,3.160491e-06
7.12,3.171573e-06
7.13,3.179989e-06
7.140000000000001,3.179272e-06
7.15,3.183971e-06
7.16,3.191642e-06
7.17,3.186022e-06
7.18,3.183153e-06
7.19,3.199806e-06
7.2,3.199117e-06
7.21,3.211421e-06
7.22,3.218716e-06
7.23,3.220273e-06
7.24,3.220463e-06
7.25,3.222493e-06
7.26,3.223849e-06
7.2700000000000005,3.232159e-06
7.28,3.234906e-06
7.29,3.229821e-06
7.3,3.235244e-06
7.3100000000000005,3.241487e-06
7.32,3.24672e-06
7.33,3.255905e-06
7.34,3.259371e-06
7.3500000000000005,3.266983e-06
7.36,3.279002e-06
7.37,3.285119e-06
7.38,3.289211e-06
7.390000000000001,3.284741e-06
7.4,3.291393e-06
7.41,3.295334e-06
7.42,3.307887e-06
7.43,3.30687e-06
7.44,3.309459e-06
7.45,3.315437e-06
7.46,3.315914e-06
7.47,3.323915e-06
7.48,3.322378e-06
7.49,3.329458e-06
7.5,3.337506e-06
7.51,3.346657e-06
7.5200000000000005,3.351373e-06
7.53,3.352555e-06
7.54,3.340442e-06
7.55,3.349976e-06
7.5600000000000005,3.360036e-06
7.57,3.372268e-06
7.58,3.376656e-06
7.59,3.385102e-06
7.6000000000000005,3.393379e-06
7.61,3.397622e-06
7.62,3.401426e-06
7.63,3.408161e-06
7.640000000000001,3.41188e-06
7.65,3.411494e-06
7.66,3.41039e-06
7.67,3.421183e-06
7.68,3.427458e-06
7.69,3.433974e-06
7.7,3.437498e-06
7.71,3.433516e-06
7.72,3.446307e-06
7.73,3.450656e-06
7.74,3.464555e-06
7.75,3.470943e-06
7.76,3.461684e-06
7.7700000000000005,3.466859e-06
7.78,3.468474e-06
7.79,3.483646e-06
7.8,3.476324e-06
7.8100000000000005,3.482415e-06
7.82,3.494349e-06
7.83,3.494317e-06
7.84,3.496367e-06
7.8500000000000005,3.498565e-06
7.86,3.502827e-06
7.87,3.512189e-06
7.88,3.508087e-06
7.890000000000001,3.511009e-06
7.9,3.523867e-06
7.91,3.524431e-06
7.92,3.528764e-06
7.930000000000001,3.545556e-06
7.94,3.550503e-06
7.95,3.553212e-06
7.96,3.556083e-06
7.97,3.55678e-06
7.98,3.564738e-06
7.99,3.56744e-06
8.0,3.566164e-06
8.01,3.572388e-06
8.02,3.576083e-06
8.03,3.580456e-06
8.040000000000001,3.588437e-06
8.05,3.588751e-06
8.06,3.585515e-06
8.07,3.591569e-06
8.08,3.600949e-06
8.09,3.596848e-06
8.1,3.601221e-06
8.11,3.595257e-06
8.120000000000001,3.602406e-06
8.13,3.610795e-06
8.14,3.609093e-06
8.15,3.62036e-06
8.16,3.626893e-06
8.17,3.638692e-06
8.18,3.637185e-06
8.19,3.645701e-06
8.2,3.646191e-06
8.21,3.644611e-06
8.22,3.646861e-06
8.23,3.654094e-06
8.24,3.662113e-06
8.25,3.669405e-06
8.26,3.672384e-06
8.27,3.677926e-06
8.28,3.686652e-06
8.290000000000001,3.684606e-06
8.3,3.683657e-06
8.31,3.689618e-06
8.32,3.692429e-06
8.33,3.691008e-06
8.34,3.697222e-06
8.35,3.704954e-06
8.36,3.706959e-06
8.370000000000001,3.727597e-06
8.38,3.724726e-06
8.39,3.724723e-06
8.4,3.73031e-06
8.41,3.739558e-06
8.42,3.740093e-06
8.43,3.74618e-06
8.44,3.747713e-06
8.45,3.754852e-06
8.46,3.757993e-06
8.47,3.764356e-06
8.48,3.765121e-06
8.49,3.77317e-06
8.5,3.771934e-06
8.51,3.780635e-06
8.52,3.768771e-06
8.53,3.776395e-06
8.540000000000001,3.783218e-06
8.55,3.784407e-06
8.56,3.782638e-06
8.57,3.782131e-06
8.58,3.783455e-06
8.59,3.795344e-06
8.6,3.799747e-06
8.61,3.803267e-06
8.620000000000001,3.805936e-06
8.63,3.812509e-06
8.64,3.818567e-06
8.65,3.825563e-06
8.66,3.82512e-06
8.67,3.821466e-06
8.68,3.83193e-06
8.69,3.82805e-06
8.700000000000001,3.833262e-06
8.71,3.835119e-06
8.72,3.844116e-06
8.73,3.847727e-06
8.74,3.846981e-06
8.75,3.856201e-06
8.76,3.852628e-06
8.77,3.860261e-06
8.78,3.870255e-06
8.790000000000001,3.86634e-06
8.8,3.870854e-06
8.81,3.875564e-06
8.82,3.87657e-06
8.83,3.876899e-06
8.84,3.88837e-06
8.85,3.875464e-06
8.86,3.897208e-06
8.870000000000001,3.89422e-06
8.88,3.898293e-06
8.89,3.902057e-06
8.9,3.905764e-06
8.91,3.905282e-06
8.92,3.907432e-06
8.93,3.912436e-06
8.94,3.916171e-06
8.950000000000001,3.922994e-06
8.96,3.929871e-06
8.97,3.929553e-06
8.98,3.934853e-06
8.99,3.936945e-06
9.0,3.931401e-06
9.01,3.941226e-06
9.02,3.938467e-06
9.03,3.944653e-06
9.040000000000001,3.952377e-06
9.05,3.953614e-06
9.06,3.940705e-06
9.07,3.963903e-06
9.08,3.966378e-06
9.09,3.961428e-06
9.1,3.970727e-06
9.11,3.967979e-06
9.120000000000001,3.967046e-06
9.13,3.980922e-06
9.14,3.978402e-06
9.15,3.980118e-06
9.16,3.985536e-06
9.17,3.983058e-06
9.18,3.984314e-06
9.19,3.998841e-06
9.200000000000001,3.9992e-06
9.21,4.004219e-06
9.22,4.005141e-06
9.23,4.006076e-06
9.24,4.004089e-06
9.25,4.007745e-06
9.26,4.008861e-06
9.27,4.013264e-06
9.28,4.024567e-06
9.290000000000001,4.019622e-06
9.3,4.006022e-06
9.31,4.021199e-06
9.32,4.02401e-06
9.33,4.027204e-06
9.34,4.027092e-06
9.35,4.031564e-06
9.36,4.018312e-06
9.370000000000001,4.025395e-06
9.38,4.029043e-06
9.39,4.02776e-06
9.4,4.036926e-06
9.41,4.037904e-06
9.42,4.047669e-06
9.43,4.049288e-06
9.44,4.048612e-06
9.450000000000001,4.051689e-06
9.46,4.051893e-06
9.47,4.047398e-06
9.48,4.048658e-06
9.49,4.05423e-06
9.5,4.050165e-06
9.51,4.055795e-06
9.52,4.070611e-06
9.53,4.072686e-06
9.540000000000001,4.071718e-06
9.55,4.067382e-06
9.56,4.063058e-06
9.57,4.079078e-06
9.58,4.064864e-06
9.59,4.067409e-06
9.6,4.070955e-06
9.61,4.071787e-06
9.620000000000001,4.071662e-06
9.63,4.087938e-06
9.64,4.075604e-06
9.65,4.091792e-06
9.66,4.095415e-06
9.67,4.097212e-06
9.68,4.08648e-06
9.69,4.102212e-06
9.700000000000001,4.107436e-06
9.71,4.113382e-06
9.72,4.112953e-06
9.73,4.112016e-06
9.74,4.117508e-06
9.75,4.119317e-06
9.76,4.120537e-06
9.77,4.122179e-06
9.78,4.122538e-06
9.790000000000001,4.132328e-06
9.8,4.134122e-06
9.81,4.133189e-06
9.82,4.131246e-06
9.83,4.129163e-06
9.84,4.128811e-06
9.85,4.137549e-06
9.86,4.13423e-06
9.870000000000001,4.139282e-06
9.88,4.132787e-06
9.89,4.132626e-06
9.9,4.142779e-06
9.91,4.151162e-06
9.92,4.148274e-06
9.93,4.144764e-06
9.94,4.147826e-06
9.950000000000001,4.145489e-06
9.96,4.148792e-06
9.97,4.1689e-06
9.98,4.165792e-06
9.99,4.15757e-06
10.0,4.175012e-06
10.01,4.179351e-06
10.02,4.18196e-06
10.03,4.194053e-06
10.040000000000001,4.19371e-06
10.05,4.179294e-06
10.06,4.180073e-06
10.07,4.188224e-06
10.08,4.176165e-06
10.09,4.180844e-06
10.1,4.184467e-06
10.11,4.189784e-06
10.120000000000001,4.188371e-06
10.13,4.186126e-06
10.14,4.197653e-06
10.15,4.190998e-06
10.16,4.199659e-06
10.17,4.218095e-06
10.18,4.223448e-06
10.19,4.234215e-06
10.200000000000001,4.234717e-06
10.21,4.230514e-06
10.22,4.215715e-06
10.23,4.212717e-06
10.24,4.206405e-06
10.25,4.208699e-06
10.26,4.212011e-06
10.27,4.209819e-06
10.28,4.206547e-06
10.290000000000001,4.21534e-06
10.3,4.215588e-06
10.31,4.219529e-06
10.32,4.214996e-06
10.33,4.21642e-06
10.34,4.235267e-06
10.35,4.245446e-06
10.36,4.237244e-06
10.370000000000001,4.248458e-06
10.38,4.241774e-06
10.39,4.251271e-06
10.4,4.248874e-06
10.41,4.261979e-06
10.42,4.263152e-06
10.43,4.269204e-06
10.44,4.248406e-06
10.450000000000001,4.253448e-06
10.46,4.25201e-06
10.47,4.248647e-06
10.48,4.260111e-06
10.49,4.26414e-06
10.5,4.266848e-06
10.51,4.263134e-06
10.52,4.261261e-06
10.53,4.270979e-06
10.540000000000001,4.281796e-06
10.55,4.283474e-06
10.56,4.277979e-06
10.57,4.283569e-06
10.58,4.282211e-06
10.59,4.292592e-06
10.6,4.289003e-06
10.61,4.288634e-06
10.620000000000001,4.297258e-06
10.63,4.298853e-06
10.64,4.305292e-06
10.65,4.295443e-06
10.66,4.291767e-06
10.67,4.294212e-06
10.68,4.301527e-06
10.69,4.304243e-06
10.700000000000001,4.294024e-06
10.71,4.297264e-06
10.72,4.301427e-06
10.73,4.307217e-06
10.74,4.311508e-06
10.75,4.31444e-06
10.76,4.319994e-06
10.77,4.320498e-06
10.78,4.324907e-06
10.790000000000001,4.32595e-06
10.8,4.314605e-06
10.81,4.318767e-06
10.82,4.321986e-06
10.83,4.3321e-06
10.84,4.32196e-06
10.85,4.323389e-06
10.86,4.330215e-06
10.870000000000001,4.331472e-06
10.88,4.336747e-06
10.89,4.337725e-06
10.9,4.34123e-06
10.91,4.339998e-06
10.92,4.343497e-06
10.93,4.34908e-06
10.94,4.344679e-06
10.950000000000001,4.344513e-06
10.96,4.34476e-06
10.97,4.344747e-06
10.98,4.345165e-06
10.99,4.350246e-06
11.0,4.354023e-06
11.01,4.350515e-06
11.02,4.353763e-06
11.03,4.355036e-06
11.040000000000001,4.348959e-06
11.05,4.356842e-06
11.06,4.358677e-06
11.07,4.364195e-06
11.08,4.359494e-06
11.09,4.366187e-06
11.1,4.365416e-06
11.11,4.370957e-06
11.120000000000001,4.368505e-06
11.13,4.369979e-06
11.14,4.368237e-06
11.15,4.375292e-06
11.16,4.37879e-06
11.17,4.379259e-06
11.18,4.376147e-06
11.19,4.377615e-06
11.200000000000001,4.379766e-06
11.21,4.380774e-06
11.22,4.382475e-06
11.23,4.38567e-06
11.24,4.385985e-06
11.25,4.384384e-06
11.26,4.394249e-06
11.27,4.398041e-06
11.28,4.403032e-06
11.290000000000001,4.402203e-06
11.3,4.396486e-06
11.31,4.389259e-06
11.32,4.386857e-06
11.33,4.385838e-06
11.34,4.38419e-06
11.35,4.381901e-06
11.36,4.385071e-06
11.370000000000001,4.388404e-06
11.38,4.387334e-06
11.39,4.392914e-06
11.4,4.388586e-06
11.41,4.395058e-06
11.42,4.391004e-06
11.43,4.396165e-06
11.44,4.406469e-06
11.450000000000001,4.404951e-06
11.46,4.4035e-06
11.47,4.401159e-06
11.48,4.408097e-06
11.49,4.412727e-06
11.5,4.404656e-06
11.51,4.417395e-06
11.52,4.41307e-06
11.53,4.416459e-06
11.540000000000001,4.422508e-06
11.55,4.42633e-06
11.56,4.428377e-06
11.57,4.4239e-06
11.58,4.425844e-06
11.59,4.422299e-06
11.6,4.414524e-06
11.61,4.41458e-06
11.620000000000001,4.419887e-06
11.63,4.412851e-06
11.64,4.417123e-06
11.65,4.423637e-06
11.66,4.42475e-06
11.67,4.430806e-06
11.68,4.424558e-06
11.69,4.419318e-06
11.700000000000001,4.42351e-06
11.71,4.420127e-06
11.72,4.414716e-06
11.73,4.41394e-06
11.74,4.415529e-06
11.75,4.417464e-06
11.76,4.411455e-06
11.77,4.410219e-06
11.78,4.40779e-06
11.790000000000001,4.415557e-06
11.8,4.411729e-06
11.81,4.41781e-06
11.82,4.415916e-06
11.83,4.415004e-06
11.84,4.421161e-06
11.85,4.421767e-06
11.86,4.425317e-06
11.870000000000001,4.42154e-06
11.88,4.430043e-06
11.89,4.42684e-06
11.9,4.428413e-06
11.91,4.429769e-06
11.92,4.436001e-06
11.93,4.442763e-06
11.94,4.44024e-06
11.950000000000001,4.443079e-06
11.96,4.441881e-06
11.97,4.453282e-06
11.98,4.450602e-06
11.99,4.447013e-06
12.0,4.45184e-06
12.01,4.44809e-06
12.02,4.453054e-06
12.030000000000001,4.457616e-06
12.040000000000001,4.461629e-06
12.05,4.456001e-06
12.06,4.459716e-06
12.07,4.459077e-06
12.08,4.458082e-06
12.09,4.459996e-06
12.1,4.46013e-06
12.11,4.458454e-06
12.120000000000001,4.454119e-06
12.13,4.457193e-06
12.14,4.458124e-06
12.15,4.459641e-06
12.16,4.465241e-06
12.17,4.46848e-06
12.18,4.475389e-06
12.19,4.46594e-06
12.200000000000001,4.466332e-06
12.21,4.478541e-06
12.22,4.471361e-06
12.23,4.47694e-06
12.24,4.480662e-06
12.25,4.477973e-06
12.26,4.482677e-06
12.27,4.482295e-06
12.280000000000001,4.477482e-06
12.290000000000001,4.480941e-06
12.3,4.480109e-06
12.31,4.484315e-06
12.32,4.485272e-06
12.33,4.491209e-06
12.34,4.490948e-06
12.35,4.507075e-06
12.36,4.506433e-06
12.370000000000001,4.509165e-06
12.38,4.521802e-06
12.39,4.52172e-06
12.4,4.523356e-06
12.41,4.525616e-06
12.42,4.527126e-06
12.43,4.536656e-06
12.44,4.537638e-06
12.450000000000001,4.545522e-06
12.46,4.541882e-06
12.47,4.547481e-06
12.48,4.552788e-06
12.49,4.558642e-06
12.5,4.562678e-06
12.51,4.565377e-06
12.52,4.568214e-06
12.530000000000001,4.573566e-06
12.540000000000001,4.582661e-06
12.55,4.580616e-06
12.56,4.585432e-06
12.57,4.598036e-06
12.58,4.582706e-06
12.59,4.595057e-06
12.6,4.599603e-06
12.61,4.601753e-06
12.620000000000001,4.605343e-06
12.63,4.608258e-06
12.64,4.61681e-06
12.65,4.623226e-06
12.66,4.620112e-06
12.67,4.625032e-06
12.68,4.623932e-06
12.69,4.637771e-06
12.700000000000001,4.644732e-06
12.71,4.642187e-06
12.72,4.645447e-06
12.73,4.647035e-06
12.74,4.649092e-06
12.75,4.656959e-06
12.76,4.659452e-06
12.77,4.664399e-06
12.780000000000001,4.671829e-06
12.790000000000001,4.681005e-06
12.8,4.685925e-06
12.81,4.692e-06
12.82,4.698465e-06
12.83,4.709792e-06
12.84,4.709981e-06
12.85,4.721366e-06
12.86,4.723131e-06
12.870000000000001,4.720499e-06
12.88,4.728147e-06
12.89,4.733025e-06
12.9,4.739473e-06
12.91,4.741056e-06
12.92,4.739706e-06
12.93,4.745208e-06
12.94,4.75077e-06
12.950000000000001,4.753861e-06
12.96,4.762374e-06
12.97,4.760572e-06
12.98,4.768985e-06
12.99,4.765949e-06
13.0,4.774821e-06
13.01,4.781483e-06
13.02,4.786749e-06
13.030000000000001,4.793997e-06
13.040000000000001,4.79508e-06
13.05,4.804998e-06
13.06,4.811383e-06
13.07,4.80862e-06
13.08,4.811912e-06
13.09,4.819311e-06
13.1,4.829794e-06
13.11,4.828423e-06
13.120000000000001,4.835034e-06
13.13,4.832118e-06
13.14,4.829642e-06
13.15,4.837837e-06
13.16,4.834399e-06
13.17,4.840819e-06
13.18,4.840127e-06
13.19,4.84491e-06
13.200000000000001,4.848847e-06
13.21,4.849102e-06
13.22,4.844168e-06
13.23,4.841634e-06
13.24,4.848741e-06
13.25,4.857643e-06
13.26,4.879078e-06
13.27,4.867352e-06
13.280000000000001,4.872896e-06
13.290000000000001,4.87199e-06
13.3,4.8743e-06
13.31,4.884473e-06
13.32,4.895493e-06
13.33,4.89228e-06
13.34,4.89115e-06
13.35,4.890682e-06
13.36,4.893143e-06
13.370000000000001,4.892538e-06
13.38,4.900202e-06
13.39,4.897352e-06
13.4,4.898942e-06
13.41,4.908819e-06
13.42,4.913538e-06
13.43,4.922518e-06
13.44,4.932227e-06
13.450000000000001,4.934798e-06
13.46,4.933581e-06
13.47,4.938526e-06
13.48,4.941727e-06
13.49,4.948756e-06
13.5,4.951405e-06
13.51,4.94621e-06
13.52,4.947168e-06
13.530000000000001,4.94894e-06
13.540000000000001,4.959321e-06
13.55,4.958826e-06
13.56,4.955871e-06
13.57,4.953502e-06
13.58,4.961809e-06
13.59,4.974667e-06
13.6,4.971225e-06
13.61,4.973161e-06
13.620000000000001,4.975164e-06
13.63,4.97143e-06
13.64,4.977685e-06
13.65,4.988705e-06
13.66,4.979065e-06
13.67,4.987289e-06
13.68,4.996291e-06
13.69,4.978868e-06
13.700000000000001,4.97675e-06
13.71,4.997535e-06
13.72,4.981361e-06
13.73,4.994341e-06
13.74,4.996749e-06
13.75,5.001012e-06
13.76,4.999031e-06
13.77,5.001966e-06
13.780000000000001,5.001837e-06
13.790000000000001,4.998758e-06
13.8,5.000155e-06
13.81,4.996674e-06
13.82,5.007133e-06
13.83,5.006594e-06
13.84,5.018003e-06
13.85,5.017666e-06
13.86,5.015068e-06
13.870000000000001,5.031321e-06
13.88,5.022634e-06
13.89,5.025118e-06
13.9,5.032255e-06
13.91,5.035762e-06
13.92,5.036374e-06
13.93,5.04402e-06
13.94,5.043337e-06
13.950000000000001,5.046235e-06
13.96,5.045544e-06
13.97,5.054397e-06
13.98,5.056352e-06
13.99,5.059722e-06
14.0,5.054811e-06
14.01,5.064243e-06
14.02,5.072905e-06
14.030000000000001,5.076872e-06
14.040000000000001,5.079927e-06
14.05,5.073525e-06
14.06,5.074055e-06
14.07,5.074017e-06
14.08,5.067894e-06
14.09,5.069364e-06
14.1,5.071287e-06
14.11,5.073691e-06
14.120000000000001,5.071733e-06
14.13,5.072937e-06
14.14,5.0802e-06
14.15,5.084555e-06
14.16,5.074073e-06
14.17,5.076789e-06
14.18,5.085555e-06
14.19,5.083064e-06
14.200000000000001,5.079561e-06
14.21,5.082273e-06
14.22,5.084273e-06
14.23,5.08221e-06
14.24,5.083414e-06
14.25,5.085093e-06
14.26,5.079208e-06
14.27,5.079673e-06
14.280000000000001,5.079674e-06
14.290000000000001,5.084471e-06
14.3,5.083777e-06
14.31,5.078503e-06
14.32,5.085209e-06
14.33,5.08636e-06
14.34,5.086519e-06
14.35,5.094338e-06
14.36,5.094069e-06
14.370000000000001,5.095509e-06
14.38,5.104467e-06
14.39,5.10358e-06
14.4,5.103644e-06
14.41,5.102512e-06
14.42,5.10413e-06
14.43,5.101559e-06
14.44,5.098309e-06
14.450000000000001,5.098182e-06
14.46,5.102812e-06
14.47,5.106938e-06
14.48,5.108642e-06
14.49,5.106956e-06
14.5,5.11152e-06
14.51,5.11018e-06
14.52,5.10679e-06
14.530000000000001,5.107623e-06
14.540000000000001,5.109504e-06
14.55,5.100292e-06
14.56,5.107487e-06
14.57,5.101462e-06
14.58,5.107952e-06
14.59,5.118562e-06
14.6,5.119088e-06
14.61,5.109306e-06
14.620000000000001,5.113486e-06
14.63,5.113514e-06
14.64,5.111695e-06
14.65,5.121679e-06
14.66,5.121319e-06
14.67,5.118001e-06
14.68,5.117546e-06
14.69,5.111142e-06
14.700000000000001,5.116022e-06
14.71,5.127038e-06
14.72,5.125504e-06
14.73,5.122628e-06
14.74,5.116514e-06
14.75,5.120574e-06
14.76,5.127009e-06
14.77,5.125495e-06
14.780000000000001,5.123934e-06
14.790000000000001,5.118357e-06
14.8,5.117421e-06
14.81,5.124825e-06
14.82,5.129089e-06
14.83,5.125613e-06
14.84,5.129288e-06
14.85,5.128072e-06
14.86,5.133974e-06
14.870000000000001,5.126541e-06
14.88,5.13057e-06
14.89,5.121829e-06
14.9,5.121228e-06
14.91,5.12302e-06
14.92,5.131106e-06
14.93,5.131805e-06
14.94,5.140542e-06
14.950000000000001,5.141825e-06
14.96,5.13845e-06
14.97,5.140132e-06
14.98,5.141307e-06
14.99,5.144539e-06
15.0,5.143988e-06
15.01,5.134172e-06
15.02,5.135447e-06
15.030000000000001,5.139682e-06
15.040000000000001,5.133271e-06
15.05,5.135821e-06
15.06,5.12803e-06
15.07,5.131535e-06
15.08,5.13629e-06
15.09,5.129236e-06
15.1,5.126829e-06
15.11,5.110542e-06
15.120000000000001,5.073727e-06
15.13,4.930539e-06
15.14,5.128942e-06
15.15,5.050556e-06
15.16,5.19602e-06
15.17,5.279713e-06
15.18,5.179766e-06
15.19,5.140312e-06
15.200000000000001,5.139564e-06
15.21,5.162765e-06
15.22,5.13907e-06
15.23,5.135322e-06
15.24,5.132408e-06
15.25,5.128547e-06
15.26,5.14188e-06
15.27,5.140617e-06
15.280000000000001,5.137354e-06
15.290000000000001,5.147484e-06
15.3,5.159663e-06
15.31,5.168131e-06
15.32,5.156096e-06
15.33,5.155572e-06
15.34,5.162537e-06
15.35,5.162134e-06
15.36,5.175198e-06
15.370000000000001,5.169195e-06
15.38,5.1668e-06
15.39,5.161691e-06
15.4,5.160478e-06
15.41,5.162551e-06
15.42,5.161937e-06
15.43,5.160004e-06
15.44,5.16505e-06
15.450000000000001,5.159836e-06
15.46,5.17017e-06
15.47,5.173452e-06
15.48,5.179108e-06
15.49,5.179738e-06
15.5,5.178587e-06
15.51,5.184252e-06
15.52,5.177505e-06
15.530000000000001,5.179545e-06
15.540000000000001,5.180324e-06
15.55,5.180339e-06
15.56,5.180666e-06
15.57,5.187695e-06
15.58,5.177903e-06
15.59,5.180501e-06
15.6,5.173251e-06
15.610000000000001,5.17847e-06
15.620000000000001,5.178965e-06
15.63,5.185077e-06
15.64,5.174714e-06
15.65,5.179939e-06
15.66,5.181307e-06
15.67,5.187198e-06
15.68,5.193348e-06
15.69,5.205731e-06
15.700000000000001,5.206627e-06
15.71,5.209184e-06
15.72,5.202912e-06
15.73,5.223496e-06
15.74,5.216354e-06
15.75,5.215262e-06
15.76,5.215054e-06
15.77,5.223091e-06
15.780000000000001,5.223576e-06
15.790000000000001,5.229777e-06
15.8,5.232312e-06
15.81,5.244349e-06
15.82,5.242886e-06
15.83,5.249272e-06
15.84,5.248821e-06
15.85,5.246345e-06
15.860000000000001,5.245681e-06
15.870000000000001,5.253052e-06
15.88,5.259764e-06
15.89,5.262297e-06
15.9,5.264585e-06
15.91,5.274135e-06
15.92,5.269233e-06
15.93,5.275603e-06
15.94,5.275459e-06
15.950000000000001,5.275245e-06
15.96,5.275584e-06
15.97,5.27405e-06
15.98,5.284886e-06
15.99,5.282702e-06
16.0,5.280617e-06
16.01,5.293643e-06
16.0,5.279215e-06
15.99,5.274777e-06
15.98,5.274138e-06
15.97,5.272584e-06
15.96,5.264681e-06
15.950000000000001,5.253958e-06
15.940000000000001,5.248215e-06
15.930000000000001,5.240564e-06
15.920000000000002,5.240799e-06
15.910000000000002,5.234144e-06
15.900000000000002,5.230068e-06
15.890000000000002,5.230363e-06
15.880000000000003,5.225339e-06
15.870000000000003,5.21869e-06
15.860000000000003,5.216218e-06
15.850000000000003,5.206507e-06
15.840000000000003,5.20459e-06
15.830000000000004,5.205226e-06
15.820000000000004,5.202657e-06
15.810000000000004,5.202603e-06
15.800000000000004,5.193565e-06
15.790000000000004,5.192051e-06
15.780000000000005,5.176979e-06
15.770000000000005,5.189422e-06
15.760000000000005,5.172179e-06
15.750000000000005,5.16955e-06
15.740000000000006,5.167018e-06
15.730000000000006,5.158157e-06
15.720000000000006,5.157005e-06
15.710000000000006,5.153825e-06
15.700000000000006,5.154071e-06
15.690000000000007,5.147025e-06
15.680000000000007,5.145885e-06
15.670000000000007,5.140012e-06
15.660000000000007,5.135005e-06
15.650000000000007,5.129291e-06
15.640000000000008,5.123171e-06
15.630000000000008,5.110308e-06
15.620000000000008,5.104554e-06
15.610000000000008,5.099149e-06
15.600000000000009,5.100381e-06
15.590000000000009,5.094174e-06
15.580000000000009,5.101331e-06
15.57000000000001,5.072086e-06
15.56000000000001,5.072002e-06
15.55000000000001,5.05935e-06
15.54000000000001,5.057983e-06
15.53000000000001,5.055687e-06
15.52000000000001,5.051526e-06
15.51000000000001,5.041203e-06
15.50000000000001,5.035648e-06
15.49000000000001,5.028442e-06
15.480000000000011,5.023286e-06
15.470000000000011,5.025592e-06
15.460000000000012,5.017146e-06
15.450000000000012,5.01017e-06
15.440000000000012,5.005758e-06
15.430000000000012,5.004513e-06
15.420000000000012,4.99887e-06
15.410000000000013,4.996434e-06
15.400000000000013,4.992663e-06
15.390000000000013,4.994754e-06
15.380000000000013,4.99128e-06
15.370000000000013,4.987088e-06
15.360000000000014,4.988305e-06
15.350000000000014,4.983615e-06
15.340000000000014,4.974741e-06
15.330000000000014,4.968416e-06
15.320000000000014,4.96503e-06
15.310000000000015,4.963159e-06
15.300000000000015,4.95061e-06
15.290000000000015,4.945533e-06
15.280000000000015,4.951246e-06
15.270000000000016,4.938362e-06
15.260000000000016,4.947967e-06
15.250000000000016,4.940117e-06
15.240000000000016,4.934484e-06
15.230000000000016,4.929834e-06
15.220000000000017,4.922645e-06
15.210000000000017,4.918882e-06
15.200000000000017,4.913993e-06
15.190000000000017,4.909517e-06
15.180000000000017,4.906581e-06
15.170000000000018,4.902827e-06
15.160000000000018,4.903828e-06
15.150000000000018,4.896677e-06
15.140000000000018,4.895985e-06
15.130000000000019,4.891784e-06
15.120000000000019,4.890455e-06
15.110000000000019,4.891766e-06
15.10000000000002,4.879003e-06
15.09000000000002,4.873712e-06
15.08000000000002,4.873356e-06
15.07000000000002,4.86458e-06
15.06000000000002,4.863112e-06
15.05000000000002,4.854403e-06
15.04000000000002,4.854829e-06
15.03000000000002,4.855268e-06
15.020000000000021,4.845819e-06
15.010000000000021,4.845793e-06
15.000000000000021,4.839736e-06
14.990000000000022,4.837445e-06
14.980000000000022,4.833605e-06
14.970000000000022,4.827618e-06
14.960000000000022,4.827275e-06
14.950000000000022,4.815181e-06
14.940000000000023,4.810537e-06
14.930000000000023,4.810321e-06
14.920000000000023,4.80976e-06
14.910000000000023,4.800628e-06
14.900000000000023,4.801988e-06
14.890000000000024,4.790348e-06
14.880000000000024,4.784991e-06
14.870000000000024,4.779449e-06
14.860000000000024,4.775313e-06
14.850000000000025,4.773159e-06
14.840000000000025,4.773881e-06
14.830000000000025,4.764878e-06
14.820000000000025,4.76092e-06
14.810000000000025,4.757349e-06
14.800000000000026,4.749239e-06
14.790000000000026,4.740727e-06
14.780000000000026,4.739874e-06
14.770000000000026,4.731695e-06
14.760000000000026,4.725392e-06
14.750000000000027,4.720736e-06
14.740000000000027,4.717504e-06
14.730000000000027,4.705728e-06
14.720000000000027,4.683825e-06
14.710000000000027,4.701431e-06
14.700000000000028,4.711264e-06
14.690000000000028,4.717639e-06
14.680000000000028,4.701623e-06
14.670000000000028,4.697319e-06
14.660000000000029,4.690135e-06
14.650000000000029,4.683222e-06
14.640000000000029,4.675331e-06
14.63000000000003,4.67368e-06
14.62000000000003,4.667164e-06
14.61000000000003,4.663965e-06
14.60000000000003,4.662522e-06
14.59000000000003,4.653534e-06
14.58000000000003,4.652216e-06
14.57000000000003,4.646493e-06
14.56000000000003,4.640661e-06
14.550000000000031,4.637265e-06
14.540000000000031,4.633917e-06
14.530000000000031,4.62362e-06
14.520000000000032,4.618999e-06
14.510000000000032,4.619512e-06
14.500000000000032,4.615423e-06
14.490000000000032,4.610258e-06
14.480000000000032,4.609031e-06
14.470000000000033,4.608182e-06
14.460000000000033,4.604334e-06
14.450000000000033,4.602919e-06
14.440000000000033,4.596369e-06
14.430000000000033,4.596614e-06
14.420000000000034,4.597201e-06
14.410000000000034,4.597288e-06
14.400000000000034,4.593272e-06
14.390000000000034,4.585041e-06
14.380000000000035,4.577912e-06
14.370000000000035,4.575564e-06
14.360000000000035,4.57034e-06
14.350000000000035,4.565757e-06
14.340000000000035,4.554329e-06
14.330000000000036,4.556179e-06
14.320000000000036,4.551698e-06
14.310000000000036,4.544745e-06
14.300000000000036,4.541343e-06
14.290000000000036,4.541494e-06
14.280000000000037,4.537572e-06
14.270000000000037,4.529682e-06
14.260000000000037,4.5335e-06
14.250000000000037,4.524035e-06
14.240000000000038,4.517414e-06
14.230000000000038,4.511769e-06
14.220000000000038,4.484115e-06
14.210000000000038,4.484487e-06
14.200000000000038,4.407658e-06
14.190000000000039,4.438089e-06
14.180000000000039,4.503914e-06
14.170000000000039,4.518456e-06
14.16000000000004,4.474124e-06
14.15000000000004,4.456968e-06
14.14000000000004,4.463287e-06
14.13000000000004,4.525576e-06
14.12000000000004,4.471548e-06
14.11000000000004,4.44441e-06
14.10000000000004,4.413118e-06
14.09000000000004,4.462947e-06
14.080000000000041,4.459848e-06
14.070000000000041,4.464116e-06
14.060000000000041,4.447512e-06
14.050000000000042,4.467272e-06
14.040000000000042,4.4473e-06
14.030000000000042,4.432966e-06
14.020000000000042,4.427489e-06
14.010000000000042,4.437149e-06
14.000000000000043,4.426892e-06
13.990000000000043,4.423734e-06
13.980000000000043,4.41726e-06
13.970000000000043,4.417864e-06
13.960000000000043,4.419858e-06
13.950000000000044,4.407615e-06
13.940000000000044,4.405224e-06
13.930000000000044,4.400811e-06
13.920000000000044,4.398531e-06
13.910000000000045,4.393224e-06
13.900000000000045,4.389534e-06
13.890000000000045,4.386464e-06
13.880000000000045,4.379866e-06
13.870000000000045,4.375886e-06
13.860000000000046,4.369309e-06
13.850000000000046,4.36801e-06
13.840000000000046,4.369886e-06
13.830000000000046,4.361571e-06
13.820000000000046,4.364428e-06
13.810000000000047,4.358768e-06
13.800000000000047,4.354891e-06
13.790000000000047,4.35163e-06
13.780000000000047,4.350424e-06
13.770000000000048,4.345032e-06
13.760000000000048,4.343735e-06
13.750000000000048,4.338581e-06
13.740000000000048,4.332018e-06
13.730000000000048,4.330242e-06
13.720000000000049,4.320932e-06
13.710000000000049,4.319666e-06
13.700000000000049,4.311126e-06
13.69000000000005,4.303138e-06
13.68000000000005,4.306763e-06
13.67000000000005,4.296724e-06
13.66000000000005,4.290202e-06
13.65000000000005,4.29008e-06
13.64000000000005,4.283422e-06
13.63000000000005,4.281513e-06
13.62000000000005,4.285445e-06
13.610000000000051,4.279057e-06
13.600000000000051,4.266997e-06
13.590000000000051,4.262592e-06
13.580000000000052,4.256368e-06
13.570000000000052,4.257295e-06
13.560000000000052,4.257465e-06
13.550000000000052,4.253067e-06
13.540000000000052,4.247376e-06
13.530000000000053,4.246268e-06
13.520000000000053,4.243415e-06
13.510000000000053,4.247653e-06
13.500000000000053,4.24636e-06
13.490000000000054,4.233907e-06
13.480000000000054,4.22807e-06
13.470000000000054,4.221971e-06
13.460000000000054,4.22171e-06
13.450000000000054,4.215145e-06
13.440000000000055,4.197731e-06
13.430000000000055,4.218587e-06
13.420000000000055,4.208349e-06
13.410000000000055,4.201733e-06
13.400000000000055,4.204475e-06
13.390000000000056,4.201433e-06
13.380000000000056,4.202389e-06
13.370000000000056,4.193542e-06
13.360000000000056,4.194699e-06
13.350000000000056,4.188527e-06
13.340000000000057,4.185327e-06
13.330000000000057,4.180149e-06
13.320000000000057,4.172726e-06
13.310000000000057,4.171392e-06
13.300000000000058,4.169312e-06
13.290000000000058,4.163965e-06
13.280000000000058,4.15925e-06
13.270000000000058,4.151851e-06
13.260000000000058,4.153219e-06
13.250000000000059,4.147887e-06
13.240000000000059,4.138851e-06
13.230000000000059,4.138658e-06
13.22000000000006,4.127591e-06
13.21000000000006,4.130867e-06
13.20000000000006,4.119784e-06
13.19000000000006,4.114525e-06
13.18000000000006,4.106053e-06
13.17000000000006,4.099597e-06
13.16000000000006,4.100581e-06
13.15000000000006,4.093516e-06
13.140000000000061,4.088125e-06
13.130000000000061,4.08713e-06
13.120000000000061,4.081991e-06
13.110000000000062,4.076435e-06
13.100000000000062,4.06812e-06
13.090000000000062,4.064017e-06
13.080000000000062,4.068507e-06
13.070000000000062,4.062995e-06
13.060000000000063,4.057543e-06
13.050000000000063,4.049049e-06
13.040000000000063,4.041581e-06
13.030000000000063,4.041667e-06
13.020000000000064,4.038932e-06
13.010000000000064,4.032923e-06
13.000000000000064,4.027898e-06
12.990000000000064,4.026194e-06
12.980000000000064,4.019826e-06
12.970000000000065,4.019756e-06
12.960000000000065,4.012796e-06
12.950000000000065,4.015553e-06
12.940000000000065,4.003163e-06
12.930000000000065,3.993599e-06
12.920000000000066,3.99184e-06
12.910000000000066,3.98494e-06
12.900000000000066,3.978552e-06
12.890000000000066,3.979917e-06
12.880000000000067,3.978275e-06
12.870000000000067,3.968509e-06
12.860000000000067,3.965778e-06
12.850000000000067,3.964326e-06
12.840000000000067,3.959095e-06
12.830000000000068,3.9536e-06
12.820000000000068,3.949986e-06
12.810000000000068,3.945438e-06
12.800000000000068,3.940496e-06
12.790000000000068,3.940039e-06
12.780000000000069,3.930303e-06
12.770000000000069,3.926474e-06
12.760000000000069,3.922852e-06
12.75000000000007,3.91619e-06
12.74000000000007,3.915097e-06
12.73000000000007,3.913998e-06
12.72000000000007,3.910249e-06
12.71000000000007,3.905744e-06
12.70000000000007,3.903439e-06
12.69000000000007,3.901764e-06
12.68000000000007,3.900842e-06
12.670000000000071,3.897267e-06
12.660000000000071,3.890025e-06
12.650000000000071,3.882269e-06
12.640000000000072,3.885125e-06
12.630000000000072,3.880518e-06
12.620000000000072,3.872442e-06
12.610000000000072,3.865824e-06
12.600000000000072,3.862955e-06
12.590000000000073,3.857169e-06
12.580000000000073,3.851508e-06
12.570000000000073,3.852917e-06
12.560000000000073,3.849583e-06
12.550000000000074,3.8424e-06
12.540000000000074,3.846596e-06
12.530000000000074,3.841238e-06
12.520000000000074,3.834036e-06
12.510000000000074,3.830381e-06
12.500000000000075,3.828646e-06
12.490000000000075,3.82595e-06
12.480000000000075,3.822974e-06
12.470000000000075,3.820166e-06
12.460000000000075,3.815685e-06
12.450000000000076,3.811106e-06
12.440000000000076,3.816066e-06
12.430000000000076,3.809468e-06
12.420000000000076,3.81212e-06
12.410000000000077,3.803695e-06
12.400000000000077,3.799654e-06
12.390000000000077,3.797477e-06
12.380000000000077,3.790001e-06
12.370000000000077,3.789905e-06
12.360000000000078,3.781036e-06
12.350000000000078,3.781165e-06
12.340000000000078,3.779669e-06
12.330000000000078,3.775019e-06
12.320000000000078,3.768478e-06
12.310000000000079,3.767591e-06
12.300000000000079,3.76583e-06
12.290000000000079,3.758679e-06
12.28000000000008,3.756644e-06
12.27000000000008,3.752867e-06
12.26000000000008,3.750285e-06
12.25000000000008,3.747404e-06
12.24000000000008,3.745891e-06
12.23000000000008,3.739978e-06
12.22000000000008,3.737232e-06
12.21000000000008,3.734648e-06
12.200000000000081,3.728954e-06
12.190000000000081,3.727112e-06
12.180000000000081,3.724469e-06
12.170000000000082,3.722889e-06
12.160000000000082,3.71852e-06
12.150000000000082,3.714474e-06
12.140000000000082,3.70864e-06
12.130000000000082,3.703322e-06
12.120000000000083,3.697982e-06
12.110000000000083,3.693983e-06
12.100000000000083,3.692955e-06
12.090000000000083,3.692936e-06
12.080000000000084,3.685662e-06
12.070000000000084,3.681959e-06
12.060000000000084,3.674515e-06
12.050000000000084,3.672993e-06
12.040000000000084,3.665958e-06
12.030000000000085,3.662533e-06
12.020000000000085,3.660591e-06
12.010000000000085,3.655877e-06
12.000000000000085,3.655806e-06
11.990000000000085,3.654489e-06
11.980000000000086,3.648851e-06
11.970000000000086,3.640949e-06
11.960000000000086,3.641586e-06
11.950000000000086,3.63427e-06
11.940000000000087,3.63523e-06
11.930000000000087,3.627131e-06
11.920000000000087,3.620973e-06
11.910000000000087,3.62051e-06
11.900000000000087,3.616344e-06
11.890000000000088,3.614099e-06
11.880000000000088,3.609047e-06
11.870000000000088,3.609978e-06
11.860000000000088,3.608222e-06
11.850000000000088,3.604293e-06
11.840000000000089,3.597085e-06
11.830000000000089,3.591354e-06
11.820000000000089,3.59145e-06
11.81000000000009,3.59325e-06
11.80000000000009,3.590154e-06
11.79000000000009,3.585258e-06
11.78000000000009,3.588483e-06
11.77000000000009,3.57281e-06
11.76000000000009,3.565291e-06
11.75000000000009,3.560689e-06
11.74000000000009,3.542861e-06
11.730000000000091,3.549849e-06
11.720000000000091,3.5538e-06
11.710000000000091,3.545143e-06
11.700000000000092,3.545936e-06
11.690000000000092,3.554823e-06
11.680000000000092,3.561857e-06
11.670000000000092,3.524304e-06
11.660000000000093,3.571776e-06
11.650000000000093,3.533703e-06
11.640000000000093,3.517915e-06
11.630000000000093,3.51673e-06
11.620000000000093,3.514149e-06
11.610000000000094,3.507172e-06
11.600000000000094,3.507042e-06
11.590000000000094,3.500594e-06
11.580000000000094,3.500497e-06
11.570000000000094,3.502945e-06
11.560000000000095,3.500263e-06
11.550000000000095,3.50302e-06
11.540000000000095,3.493247e-06
11.530000000000095,3.490577e-06
11.520000000000095,3.485908e-06
11.510000000000096,3.482937e-06
11.500000000000096,3.481449e-06
11.490000000000096,3.475282e-06
11.480000000000096,3.470538e-06
11.470000000000097,3.471482e-06
11.460000000000097,3.463892e-06
11.450000000000097,3.458309e-06
11.440000000000097,3.457965e-06
11.430000000000097,3.453976e-06
11.420000000000098,3.451061e-06
11.410000000000098,3.443772e-06
11.400000000000098,3.437251e-06
11.390000000000098,3.432425e-06
11.380000000000098,3.428699e-06
11.370000000000099,3.423984e-06
11.360000000000099,3.420686e-06
11.3500000000001,3.418854e-06
11.3400000000001,3.41481e-06
11.3300000000001,3.409301e-06
11.3200000000001,3.405085e-06
11.3100000000001,3.402419e-06
11.3000000000001,3.398197e-06
11.2900000000001,3.396962e-06
11.2800000000001,3.390806e-06
11.2700000000001,3.39442e-06
11.260000000000101,3.38799e-06
11.250000000000101,3.386904e-06
11.240000000000101,3.385834e-06
11.230000000000102,3.383866e-06
11.220000000000102,3.379806e-06
11.210000000000102,3.379414e-06
11.200000000000102,3.372468e-06
11.190000000000103,3.368702e-06
11.180000000000103,3.368223e-06
11.170000000000103,3.360092e-06
11.160000000000103,3.35563e-06
11.150000000000103,3.355878e-06
11.140000000000104,3.351224e-06
11.130000000000104,3.349918e-06
11.120000000000104,3.347162e-06
11.110000000000104,3.343876e-06
11.100000000000104,3.338314e-06
11.090000000000105,3.331402e-06
11.080000000000105,3.333034e-06
11.070000000000105,3.330059e-06
11.060000000000105,3.324952e-06
11.050000000000106,3.318549e-06
11.040000000000106,3.322285e-06
11.030000000000106,3.311873e-06
11.020000000000106,3.309567e-06
11.010000000000106,3.301964e-06
11.000000000000107,3.30304e-06
10.990000000000107,3.304794e-06
10.980000000000107,3.294436e-06
10.970000000000107,3.29101e-06
10.960000000000107,3.286378e-06
10.950000000000108,3.282623e-06
10.940000000000108,3.276119e-06
10.930000000000108,3.275606e-06
10.920000000000108,3.26922e-06
10.910000000000108,3.265847e-06
10.900000000000109,3.268247e-06
10.890000000000109,3.262623e-06
10.88000000000011,3.259254e-06
10.87000000000011,3.255071e-06
10.86000000000011,3.25262e-06
10.85000000000011,3.252243e-06
10.84000000000011,3.248328e-06
10.83000000000011,3.250352e-06
10.82000000000011,3.248325e-06
10.81000000000011,3.243972e-06
10.80000000000011,3.240053e-06
10.790000000000111,3.237406e-06
10.780000000000111,3.229412e-06
10.770000000000111,3.230302e-06
10.760000000000112,3.223726e-06
10.750000000000112,3.217726e-06
10.740000000000112,3.213405e-06
10.730000000000112,3.212531e-06
10.720000000000113,3.210296e-06
10.710000000000113,3.205825e-06
10.700000000000113,3.19975e-06
10.690000000000113,3.199825e-06
10.680000000000113,3.193559e-06
10.670000000000114,3.194939e-06
10.660000000000114,3.186313e-06
10.650000000000114,3.178989e-06
10.640000000000114,3.183548e-06
10.630000000000114,3.179962e-06
10.620000000000115,3.174117e-06
10.610000000000115,3.170056e-06
10.600000000000115,3.172596e-06
10.590000000000115,3.16773e-06
10.580000000000116,3.164665e-06
10.570000000000116,3.156523e-06
10.560000000000116,3.158204e-06
10.550000000000116,3.152358e-06
10.540000000000116,3.145251e-06
10.530000000000117,3.144674e-06
10.520000000000117,3.143963e-06
10.510000000000117,3.136006e-06
10.500000000000117,3.133754e-06
10.490000000000117,3.131786e-06
10.480000000000118,3.130885e-06
10.470000000000118,3.122139e-06
10.460000000000118,3.121807e-06
10.450000000000118,3.120874e-06
10.440000000000119,3.113538e-06
10.430000000000119,3.107932e-06
10.420000000000119,3.108212e-06
10.41000000000012,3.104167e-06
10.40000000000012,3.103491e-06
10.39000000000012,3.100198e-06
10.38000000000012,3.10162e-06
10.37000000000012,3.093355e-06
10.36000000000012,3.08459e-06
10.35000000000012,3.088697e-06
10.34000000000012,3.083909e-06
10.33000000000012,3.078784e-06
10.320000000000121,3.076932e-06
10.310000000000121,3.075098e-06
10.300000000000122,3.073987e-06
10.290000000000122,3.067277e-06
10.280000000000122,3.06628e-06
10.270000000000122,3.065041e-06
10.260000000000122,3.062602e-06
10.250000000000123,3.061687e-06
10.240000000000123,3.058871e-06
10.230000000000123,3.054106e-06
10.220000000000123,3.054333e-06
10.210000000000123,3.050759e-06
10.200000000000124,3.04853e-06
10.190000000000124,3.046742e-06
10.180000000000124,3.039412e-06
10.170000000000124,3.038213e-06
10.160000000000124,3.03277e-06
10.150000000000125,3.029145e-06
10.140000000000125,3.031316e-06
10.130000000000125,3.02581e-06
10.120000000000125,3.022463e-06
10.110000000000126,3.018982e-06
10.100000000000126,3.013381e-06
10.090000000000126,3.009288e-06
10.080000000000126,3.009668e-06
10.070000000000126,3.005228e-06
10.060000000000127,3.001559e-06
10.050000000000127,2.993745e-06
10.040000000000127,2.989904e-06
10.030000000000127,2.989898e-06
10.020000000000127,2.985829e-06
10.010000000000128,2.985789e-06
10.000000000000128,2.974688e-06
9.990000000000128,2.971745e-06
9.980000000000128,2.971999e-06
9.970000000000129,2.963744e-06
9.960000000000129,2.958559e-06
9.950000000000129,2.955634e-06
9.94000000000013,2.951275e-06
9.93000000000013,2.950285e-06
9.92000000000013,2.949963e-06
9.91000000000013,2.94782e-06
9.90000000000013,2.945127e-06
9.89000000000013,2.937843e-06
9.88000000000013,2.932705e-06
9.87000000000013,2.930676e-06
9.86000000000013,2.926894e-06
9.850000000000131,2.923314e-06
9.840000000000131,2.924744e-06
9.830000000000132,2.920259e-06
9.820000000000132,2.916558e-06
9.810000000000132,2.915211e-06
9.800000000000132,2.911462e-06
9.790000000000132,2.906324e-06
9.780000000000133,2.903533e-06
9.770000000000133,2.904505e-06
9.760000000000133,2.900188e-06
9.750000000000133,2.902832e-06
9.740000000000133,2.897558e-06
9.730000000000134,2.897969e-06
9.720000000000134,2.890289e-06
9.710000000000134,2.888193e-06
9.700000000000134,2.885424e-06
9.690000000000135,2.885076e-06
9.680000000000135,2.88034e-06
9.670000000000135,2.873153e-06
9.660000000000135,2.871577e-06
9.650000000000135,2.864545e-06
9.640000000000136,2.863321e-06
9.630000000000136,2.86031e-06
9.620000000000136,2.854947e-06
9.610000000000136,2.852318e-06
9.600000000000136,2.848879e-06
9.590000000000137,2.848244e-06
9.580000000000137,2.844605e-06
9.570000000000137,2.843429e-06
9.560000000000137,2.836223e-06
9.550000000000137,2.832387e-06
9.540000000000138,2.831898e-06
9.530000000000138,2.825348e-06
9.520000000000138,2.823325e-06
9.510000000000138,2.821386e-06
9.500000000000139,2.813374e-06
9.490000000000139,2.809747e-06
9.480000000000139,2.806188e-06
9.47000000000014,2.805846e-06
9.46000000000014,2.807645e-06
9.45000000000014,2.805434e-06
9.44000000000014,2.799287e-06
9.43000000000014,2.793623e-06
9.42000000000014,2.786027e-06
9.41000000000014,2.786228e-06
9.40000000000014,2.782948e-06
9.390000000000141,2.777156e-06
9.380000000000141,2.776494e-06
9.370000000000141,2.775483e-06
9.360000000000142,2.773039e-06
9.350000000000142,2.769293e-06
9.340000000000142,2.765313e-06
9.330000000000142,2.76116e-06
9.320000000000142,2.761422e-06
9.310000000000143,2.758084e-06
9.300000000000143,2.752382e-06
9.290000000000143,2.75121e-06
9.280000000000143,2.747339e-06
9.270000000000143,2.744283e-06
9.260000000000144,2.742118e-06
9.250000000000144,2.738319e-06
9.240000000000144,2.73452e-06
9.230000000000144,2.737261e-06
9.220000000000145,2.72831e-06
9.210000000000145,2.721859e-06
9.200000000000145,2.71959e-06
9.190000000000145,2.717556e-06
9.180000000000145,2.714711e-06
9.170000000000146,2.715178e-06
9.160000000000146,2.710089e-06
9.150000000000146,2.707808e-06
9.140000000000146,2.701767e-06
9.130000000000146,2.698758e-06
9.120000000000147,2.696073e-06
9.110000000000147,2.692522e-06
9.100000000000147,2.693254e-06
9.090000000000147,2.690512e-06
9.080000000000148,2.68587e-06
9.070000000000148,2.685745e-06
9.060000000000148,2.681682e-06
9.050000000000148,2.676847e-06
9.040000000000148,2.676962e-06
9.030000000000149,2.66863e-06
9.020000000000149,2.665626e-06
9.010000000000149,2.663306e-06
9.00000000000015,2.658901e-06
8.99000000000015,2.654661e-06
8.98000000000015,2.649356e-06
8.97000000000015,2.647962e-06
8.96000000000015,2.645663e-06
8.95000000000015,2.641442e-06
8.94000000000015,2.639305e-06
8.93000000000015,2.636804e-06
8.920000000000151,2.636624e-06
8.910000000000151,2.632223e-06
8.900000000000151,2.629305e-06
8.890000000000152,2.625048e-06
8.880000000000152,2.618233e-06
8.870000000000152,2.616676e-06
8.860000000000152,2.611852e-06
8.850000000000152,2.609298e-06
8.840000000000153,2.608931e-06
8.830000000000153,2.603852e-06
8.820000000000153,2.604398e-06
8.810000000000153,2.594354e-06
8.800000000000153,2.587781e-06
8.790000000000154,2.585004e-06
8.780000000000154,2.578391e-06
8.770000000000154,2.576521e-06
8.760000000000154,2.574274e-06
8.750000000000155,2.572286e-06
8.740000000000155,2.569538e-06
8.730000000000155,2.569124e-06
8.720000000000155,2.563535e-06
8.710000000000155,2.562997e-06
8.700000000000156,2.554958e-06
8.690000000000156,2.55378e-06
8.680000000000156,2.551845e-06
8.670000000000156,2.547734e-06
8.660000000000156,2.548303e-06
8.650000000000157,2.54382e-06
8.640000000000157,2.540802e-06
8.630000000000157,2.538277e-06
8.620000000000157,2.533663e-06
8.610000000000158,2.531636e-06
8.600000000000158,2.526119e-06
8.590000000000158,2.520392e-06
8.580000000000158,2.520165e-06
8.570000000000158,2.518876e-06
8.560000000000159,2.519998e-06
8.550000000000159,2.513016e-06
8.540000000000159,2.504914e-06
8.53000000000016,2.505109e-06
8.52000000000016,2.498502e-06
8.51000000000016,2.503283e-06
8.50000000000016,2.503394e-06
8.49000000000016,2.497458e-06
8.48000000000016,2.496163e-06
8.47000000000016,2.493698e-06
8.46000000000016,2.488299e-06
8.450000000000161,2.486688e-06
8.440000000000161,2.481627e-06
8.430000000000161,2.473079e-06
8.420000000000162,2.47178e-06
8.410000000000162,2.465277e-06
8.400000000000162,2.463827e-06
8.390000000000162,2.458788e-06
8.380000000000162,2.454289e-06
8.370000000000163,2.456734e-06
8.360000000000163,2.447074e-06
8.350000000000163,2.450109e-06
8.340000000000163,2.446554e-06
8.330000000000163,2.44236e-06
8.320000000000164,2.438128e-06
8.310000000000164,2.427543e-06
8.300000000000164,2.41825e-06
8.290000000000164,2.419336e-06
8.280000000000165,2.419034e-06
8.270000000000165,2.416232e-06
8.260000000000165,2.415778e-06
8.250000000000165,2.420533e-06
8.240000000000165,2.413438e-06
8.230000000000166,2.41291e-06
8.220000000000166,2.408428e-06
8.210000000000166,2.403014e-06
8.200000000000166,2.401579e-06
8.190000000000166,2.39833e-06
8.180000000000167,2.399383e-06
8.170000000000167,2.394864e-06
8.160000000000167,2.391599e-06
8.150000000000167,2.386327e-06
8.140000000000168,2.386795e-06
8.130000000000168,2.386003e-06
8.120000000000168,2.383221e-06
8.110000000000168,2.379713e-06
8.100000000000168,2.377615e-06
8.090000000000169,2.37338e-06
8.080000000000169,2.367366e-06
8.070000000000169,2.364265e-06
8.06000000000017,2.359686e-06
8.05000000000017,2.362409e-06
8.04000000000017,2.353147e-06
8.03000000000017,2.349737e-06
8.02000000000017,2.348768e-06
8.01000000000017,2.34824e-06
8.00000000000017,2.344585e-06
7.990000000000171,2.339869e-06
7.980000000000171,2.339079e-06
7.970000000000171,2.33512e-06
7.960000000000171,2.330599e-06
7.950000000000172,2.326438e-06
7.940000000000172,2.32125e-06
7.930000000000172,2.321308e-06
7.920000000000172,2.321861e-06
7.9100000000001724,2.315482e-06
7.900000000000173,2.312064e-06
7.890000000000173,2.305791e-06
7.880000000000173,2.302431e-06
7.870000000000173,2.3017e-06
7.8600000000001735,2.29525e-06
7.850000000000174,2.292982e-06
7.840000000000174,2.292817e-06
7.830000000000174,2.28702e-06
7.820000000000174,2.280895e-06
7.810000000000175,2.282582e-06
7.800000000000175,2.2818e-06
7.790000000000175,2.282024e-06
7.780000000000175,2.277431e-06
7.770000000000175,2.272102e-06
7.760000000000176,2.270085e-06
7.750000000000176,2.267456e-06
7.740000000000176,2.259928e-06
7.730000000000176,2.259162e-06
7.7200000000001765,2.255444e-06
7.710000000000177,2.251516e-06
7.700000000000177,2.25247e-06
7.690000000000177,2.250432e-06
7.680000000000177,2.246225e-06
7.670000000000178,2.242559e-06
7.660000000000178,2.239767e-06
7.650000000000178,2.235203e-06
7.640000000000178,2.232503e-06
7.630000000000178,2.229635e-06
7.620000000000179,2.229349e-06
7.610000000000179,2.225845e-06
7.600000000000179,2.222697e-06
7.590000000000179,2.222498e-06
7.5800000000001795,2.219486e-06
7.57000000000018,2.216439e-06
7.56000000000018,2.213779e-06
7.55000000000018,2.20892e-06
7.54000000000018,2.204452e-06
7.5300000000001805,2.20081e-06
7.520000000000181,2.198047e-06
7.510000000000181,2.197053e-06
7.500000000000181,2.193319e-06
7.490000000000181,2.189266e-06
7.480000000000182,2.187825e-06
7.470000000000182,2.185074e-06
7.460000000000182,2.182422e-06
7.450000000000182,2.179452e-06
7.4400000000001825,2.178199e-06
7.430000000000183,2.177089e-06
7.420000000000183,2.170988e-06
7.410000000000183,2.161857e-06
7.400000000000183,2.159428e-06
7.3900000000001835,2.156992e-06
7.380000000000184,2.153964e-06
7.370000000000184,2.150805e-06
7.360000000000184,2.144928e-06
7.350000000000184,2.145273e-06
7.340000000000185,2.13932e-06
7.330000000000185,2.133319e-06
7.320000000000185,2.129124e-06
7.310000000000185,2.127056e-06
7.3000000000001855,2.126917e-06
7.290000000000186,2.119852e-06
7.280000000000186,2.12008e-06
7.270000000000186,2.115306e-06
7.260000000000186,2.108415e-06
7.2500000000001865,2.105064e-06
7.240000000000187,2.104619e-06
7.230000000000187,2.10365e-06
7.220000000000187,2.09866e-06
7.210000000000187,2.091162e-06
7.200000000000188,2.087428e-06
7.190000000000188,2.088408e-06
7.180000000000188,2.086205e-06
7.170000000000188,2.083921e-06
7.160000000000188,2.078415e-06
7.150000000000189,2.071823e-06
7.140000000000189,2.066064e-06
7.130000000000189,2.060592e-06
7.120000000000189,2.056915e-06
7.1100000000001895,2.056917e-06
7.10000000000019,2.053603e-06
7.09000000000019,2.051552e-06
7.08000000000019,2.049698e-06
7.07000000000019,2.043545e-06
7.060000000000191,2.041692e-06
7.050000000000191,2.036991e-06
7.040000000000191,2.03333e-06
7.030000000000191,2.031734e-06
7.020000000000191,2.031165e-06
7.010000000000192,2.027156e-06
7.000000000000192,2.027125e-06
6.990000000000192,2.022691e-06
6.980000000000192,2.01779e-06
6.9700000000001925,2.015244e-06
6.960000000000193,2.015224e-06
6.950000000000193,2.014733e-06
6.940000000000193,2.011142e-06
6.930000000000193,2.009744e-06
6.9200000000001936,2.005032e-06
6.910000000000194,1.998623e-06
6.900000000000194,1.997132e-06
6.890000000000194,1.99183e-06
6.880000000000194,1.993848e-06
6.870000000000195,1.989862e-06
6.860000000000195,1.988644e-06
6.850000000000195,1.98638e-06
6.840000000000195,1.9826e-06
6.8300000000001955,1.978245e-06
6.820000000000196,1.978471e-06
6.810000000000196,1.974645e-06
6.800000000000196,1.9725e-06
6.790000000000196,1.969561e-06
6.7800000000001965,1.964923e-06
6.770000000000197,1.960663e-06
6.760000000000197,1.956224e-06
6.750000000000197,1.954852e-06
6.740000000000197,1.953427e-06
6.730000000000198,1.948682e-06
6.720000000000198,1.946202e-06
6.710000000000198,1.944448e-06
6.700000000000198,1.939303e-06
6.6900000000001985,1.94021e-06
6.680000000000199,1.936987e-06
6.670000000000199,1.934792e-06
6.660000000000199,1.932365e-06
6.650000000000199,1.928132e-06
6.6400000000001995,1.923553e-06
6.6300000000002,1.922815e-06
6.6200000000002,1.918101e-06
6.6100000000002,1.915399e-06
6.6000000000002,1.913566e-06
6.590000000000201,1.910548e-06
6.580000000000201,1.909705e-06
6.570000000000201,1.906074e-06
6.560000000000201,1.90046e-06
6.550000000000201,1.898186e-06
6.540000000000202,1.896906e-06
6.530000000000202,1.895074e-06
6.520000000000202,1.891698e-06
6.510000000000202,1.886404e-06
6.5000000000002025,1.882786e-06
6.490000000000203,1.885552e-06
6.480000000000203,1.879257e-06
6.470000000000203,1.880455e-06
6.460000000000203,1.873414e-06
6.450000000000204,1.872035e-06
6.440000000000204,1.866365e-06
6.430000000000204,1.865051e-06
6.420000000000204,1.858222e-06
6.410000000000204,1.857019e-06
6.400000000000205,1.854321e-06
6.390000000000205,1.85083e-06
6.380000000000205,1.844913e-06
6.370000000000205,1.843867e-06
6.3600000000002055,1.842875e-06
6.350000000000206,1.840424e-06
6.340000000000206,1.836741e-06
6.330000000000206,1.833843e-06
6.320000000000206,1.832471e-06
6.3100000000002066,1.827751e-06
6.300000000000207,1.825318e-06
6.290000000000207,1.8221e-06
6.280000000000207,1.821874e-06
6.270000000000207,1.814894e-06
6.260000000000208,1.811943e-06
6.250000000000208,1.811585e-06
6.240000000000208,1.808193e-06
6.230000000000208,1.803638e-06
6.2200000000002085,1.803021e-06
6.210000000000209,1.798715e-06
6.200000000000209,1.794787e-06
6.190000000000209,1.792343e-06
6.180000000000209,1.786738e-06
6.1700000000002095,1.786153e-06
6.16000000000021,1.781343e-06
6.15000000000021,1.776289e-06
6.14000000000021,1.772805e-06
6.13000000000021,1.772341e-06
6.120000000000211,1.764597e-06
6.110000000000211,1.760701e-06
6.100000000000211,1.757818e-06
6.090000000000211,1.759548e-06
6.0800000000002115,1.75636e-06
6.070000000000212,1.757068e-06
6.060000000000212,1.752437e-06
6.050000000000212,1.748445e-06
6.040000000000212,1.741325e-06
6.0300000000002125,1.748215e-06
6.020000000000213,1.744963e-06
6.010000000000213,1.740625e-06
6.000000000000213,1.738656e-06
5.990000000000213,1.734607e-06
5.980000000000214,1.736001e-06
5.970000000000214,1.731238e-06
5.960000000000214,1.727867e-06
5.950000000000214,1.724332e-06
5.940000000000214,1.722376e-06
5.930000000000215,1.71459e-06
5.920000000000215,1.713254e-06
5.910000000000215,1.710909e-06
5.900000000000215,1.705886e-06
5.8900000000002155,1.703425e-06
5.880000000000216,1.700161e-06
5.870000000000216,1.696488e-06
5.860000000000216,1.697183e-06
5.850000000000216,1.694064e-06
5.840000000000217,1.691985e-06
5.830000000000217,1.690085e-06
5.820000000000217,1.685435e-06
5.810000000000217,1.68058e-06
5.800000000000217,1.679656e-06
5.790000000000218,1.675977e-06
5.780000000000218,1.671541e-06
5.770000000000218,1.668306e-06
5.760000000000218,1.667192e-06
5.7500000000002185,1.664995e-06
5.740000000000219,1.663937e-06
5.730000000000219,1.658055e-06
5.720000000000219,1.654599e-06
5.710000000000219,1.654583e-06
5.70000000000022,1.651138e-06
5.69000000000022,1.651423e-06
5.68000000000022,1.646934e-06
5.67000000000022,1.646218e-06
5.66000000000022,1.64247e-06
5.650000000000221,1.63969e-06
5.640000000000221,1.635642e-06
5.630000000000221,1.632549e-06
5.620000000000221,1.628781e-06
5.6100000000002215,1.630844e-06
5.600000000000222,1.626702e-06
5.590000000000222,1.624885e-06
5.580000000000222,1.621238e-06
5.570000000000222,1.616789e-06
5.5600000000002225,1.614779e-06
5.550000000000223,1.613145e-06
5.540000000000223,1.608574e-06
5.530000000000223,1.606037e-06
5.520000000000223,1.603846e-06
5.510000000000224,1.602276e-06
5.500000000000224,1.597833e-06
5.490000000000224,1.594764e-06
5.480000000000224,1.591775e-06
5.4700000000002245,1.588933e-06
5.460000000000225,1.585232e-06
5.450000000000225,1.582628e-06
5.440000000000225,1.577662e-06
5.430000000000225,1.575563e-06
5.4200000000002255,1.574625e-06
5.410000000000226,1.572113e-06
5.400000000000226,1.568846e-06
5.390000000000226,1.565603e-06
5.380000000000226,1.560922e-06
5.370000000000227,1.558812e-06
5.360000000000227,1.555196e-06
5.350000000000227,1.551853e-06
5.340000000000227,1.548947e-06
5.3300000000002274,1.545867e-06
5.320000000000228,1.544935e-06
5.310000000000228,1.540688e-06
5.300000000000228,1.536892e-06
5.290000000000228,1.535465e-06
5.2800000000002285,1.533877e-06
5.270000000000229,1.532203e-06
5.260000000000229,1.529254e-06
5.250000000000229,1.523402e-06
5.240000000000229,1.520915e-06
5.23000000000023,1.51659e-06
5.22000000000023,1.513485e-06
5.21000000000023,1.510445e-06
5.20000000000023,1.507087e-06
5.19000000000023,1.503944e-06
5.180000000000231,1.501038e-06
5.170000000000231,1.500147e-06
5.160000000000231,1.496438e-06
5.150000000000231,1.496525e-06
5.1400000000002315,1.492462e-06
5.130000000000232,1.490357e-06
5.120000000000232,1.487884e-06
5.110000000000232,1.484902e-06
5.100000000000232,1.480734e-06
5.090000000000233,1.4776e-06
5.080000000000233,1.474435e-06
5.070000000000233,1.47272e-06
5.060000000000233,1.470745e-06
5.050000000000233,1.469026e-06
5.040000000000234,1.465098e-06
5.030000000000234,1.463611e-06
5.020000000000234,1.459339e-06
5.010000000000234,1.454952e-06
5.0000000000002345,1.451293e-06
4.990000000000235,1.449272e-06
4.980000000000235,1.448134e-06
4.970000000000235,1.447707e-06
4.960000000000235,1.443059e-06
4.9500000000002355,1.439151e-06
4.940000000000236,1.435554e-06
4.930000000000236,1.432025e-06
4.920000000000236,1.430726e-06
4.910000000000236,1.428136e-06
4.900000000000237,1.42604e-06
4.890000000000237,1.421574e-06
4.880000000000237,1.419295e-06
4.870000000000237,1.414608e-06
4.8600000000002375,1.413296e-06
4.850000000000238,1.409738e-06
4.840000000000238,1.407491e-06
4.830000000000238,1.404833e-06
4.820000000000238,1.400875e-06
4.8100000000002385,1.3989e-06
4.800000000000239,1.396743e-06
4.790000000000239,1.393217e-06
4.780000000000239,1.389974e-06
4.770000000000239,1.386297e-06
4.76000000000024,1.382889e-06
4.75000000000024,1.380815e-06
4.74000000000024,1.37801e-06
4.73000000000024,1.374972e-06
4.7200000000002404,1.370875e-06
4.710000000000241,1.369869e-06
4.700000000000241,1.36505e-06
4.690000000000241,1.362603e-06
4.680000000000241,1.358943e-06
4.6700000000002415,1.355969e-06
4.660000000000242,1.353031e-06
4.650000000000242,1.352547e-06
4.640000000000242,1.349555e-06
4.630000000000242,1.345026e-06
4.620000000000243,1.343107e-06
4.610000000000243,1.338379e-06
4.600000000000243,1.335436e-06
4.590000000000243,1.332143e-06
4.580000000000243,1.328812e-06
4.570000000000244,1.326735e-06
4.560000000000244,1.323173e-06
4.550000000000244,1.320758e-06
4.540000000000244,1.316953e-06
4.5300000000002445,1.314818e-06
4.520000000000245,1.311243e-06
4.510000000000245,1.308865e-06
4.500000000000245,1.306336e-06
4.490000000000245,1.304251e-06
4.480000000000246,1.300104e-06
4.470000000000246,1.298231e-06
4.460000000000246,1.294235e-06
4.450000000000246,1.292547e-06
4.440000000000246,1.288032e-06
4.430000000000247,1.282223e-06
4.420000000000247,1.282104e-06
4.410000000000247,1.278647e-06
4.400000000000247,1.275675e-06
4.3900000000002475,1.273806e-06
4.380000000000248,1.271338e-06
4.370000000000248,1.268321e-06
4.360000000000248,1.264592e-06
4.350000000000248,1.260928e-06
4.3400000000002485,1.25956e-06
4.330000000000249,1.258677e-06
4.320000000000249,1.255471e-06
4.310000000000249,1.253702e-06
4.300000000000249,1.25047e-06
4.29000000000025,1.248026e-06
4.28000000000025,1.245253e-06
4.27000000000025,1.241119e-06
4.26000000000025,1.237969e-06
4.2500000000002505,1.235612e-06
4.240000000000251,1.233308e-06
4.230000000000251,1.231006e-06
4.220000000000251,1.226637e-06
4.210000000000251,1.223455e-06
4.2000000000002515,1.220463e-06
4.190000000000252,1.217099e-06
4.180000000000252,1.214545e-06
4.170000000000252,1.213074e-06
4.160000000000252,1.208879e-06
4.150000000000253,1.204457e-06
4.140000000000253,1.201787e-06
4.130000000000253,1.19893e-06
4.120000000000253,1.197332e-06
4.1100000000002535,1.194349e-06
4.100000000000254,1.189328e-06
4.090000000000254,1.1836e-06
4.080000000000254,1.179832e-06
4.070000000000254,1.184773e-06
4.0600000000002545,1.181961e-06
4.050000000000255,1.178106e-06
4.040000000000255,1.176717e-06
4.030000000000255,1.172795e-06
4.020000000000255,1.169375e-06
4.010000000000256,1.167534e-06
4.000000000000256,1.163289e-06
3.990000000000256,1.160487e-06
3.980000000000256,1.157879e-06
3.9700000000002564,1.154792e-06
3.9600000000002566,1.152443e-06
3.950000000000257,1.148672e-06
3.940000000000257,1.144748e-06
3.9300000000002573,1.142618e-06
3.9200000000002575,1.140305e-06
3.9100000000002577,1.136461e-06
3.900000000000258,1.132858e-06
3.890000000000258,1.130202e-06
3.8800000000002584,1.12526e-06
3.8700000000002586,1.120784e-06
3.860000000000259,1.118488e-06
3.850000000000259,1.114236e-06
3.840000000000259,1.112256e-06
3.8300000000002594,1.110352e-06
3.8200000000002596,1.108463e-06
3.81000000000026,1.103981e-06
3.80000000000026,1.101498e-06
3.7900000000002603,1.098392e-06
3.7800000000002605,1.096258e-06
3.7700000000002607,1.094871e-06
3.760000000000261,1.091714e-06
3.750000000000261,1.087559e-06
3.7400000000002613,1.08447e-06
3.7300000000002616,1.082396e-06
3.7200000000002618,1.079047e-06
3.710000000000262,1.075455e-06
3.700000000000262,1.073903e-06
3.6900000000002624,1.070094e-06
3.6800000000002626,1.067314e-06
3.670000000000263,1.063991e-06
3.660000000000263,1.061565e-06
3.6500000000002633,1.058533e-06
3.6400000000002635,1.055497e-06
3.6300000000002637,1.05342e-06
3.620000000000264,1.050099e-06
3.610000000000264,1.046285e-06
3.6000000000002643,1.043036e-06
3.5900000000002645,1.040012e-06
3.5800000000002647,1.037311e-06
3.570000000000265,1.033043e-06
3.560000000000265,1.029615e-06
3.5500000000002654,1.02621e-06
3.5400000000002656,1.02361e-06
3.530000000000266,1.020737e-06
3.520000000000266,1.017374e-06
3.5100000000002662,1.016015e-06
3.5000000000002665,1.012597e-06
3.4900000000002667,1.007764e-06
3.480000000000267,1.005331e-06
3.470000000000267,1.002766e-06
3.4600000000002673,9.943012e-07
3.4500000000002675,9.97865e-07
3.4400000000002677,9.906067e-07
3.430000000000268,9.947431e-07
3.420000000000268,9.875035e-07
3.4100000000002684,9.890414e-07
3.4000000000002686,9.84788e-07
3.390000000000269,9.825698e-07
3.380000000000269,9.791291e-07
3.3700000000002692,9.770522e-07
3.3600000000002694,9.739841e-07
3.3500000000002697,9.71721e-07
3.34000000000027,9.705283e-07
3.33000000000027,9.672257e-07
3.3200000000002703,9.63554e-07
3.3100000000002705,9.611902e-07
3.3000000000002707,9.577079e-07
3.290000000000271,9.553891e-07
3.280000000000271,9.515178e-07
3.2700000000002714,9.483954e-07
3.2600000000002716,9.453108e-07
3.250000000000272,9.415087e-07
3.240000000000272,9.381957e-07
3.230000000000272,9.364045e-07
3.2200000000002724,9.328354e-07
3.2100000000002726,9.293828e-07
3.200000000000273,9.261899e-07
3.190000000000273,9.218871e-07
3.1800000000002733,9.186759e-07
3.1700000000002735,9.16311e-07
3.1600000000002737,9.125941e-07
3.150000000000274,9.104116e-07
3.140000000000274,9.064296e-07
3.1300000000002743,9.025611e-07
3.1200000000002746,8.995852e-07
3.1100000000002748,8.965031e-07
3.100000000000275,8.939514e-07
3.090000000000275,8.902842e-07
3.0800000000002754,8.886288e-07
3.0700000000002756,8.847595e-07
3.060000000000276,8.829193e-07
3.050000000000276,8.791612e-07
3.0400000000002763,8.760333e-07
3.0300000000002765,8.728412e-07
3.0200000000002767,8.701159e-07
3.010000000000277,8.683562e-07
3.000000000000277,8.643473e-07
2.9900000000002773,8.611249e-07
2.9800000000002775,8.577252e-07
2.9700000000002778,8.538416e-07
2.960000000000278,8.497359e-07
2.950000000000278,8.470848e-07
2.9400000000002784,8.422693e-07
2.9300000000002786,8.391972e-07
2.920000000000279,8.362719e-07
2.910000000000279,8.32066e-07
2.9000000000002792,8.284437e-07
2.8900000000002795,8.253461e-07
2.8800000000002797,8.23463e-07
2.87000000000028,8.198181e-07
2.86000000000028,8.170672e-07
2.8500000000002803,8.141852e-07
2.8400000000002805,8.113761e-07
2.8300000000002807,8.081525e-07
2.820000000000281,8.045118e-07
2.810000000000281,8.013383e-07
2.8000000000002814,7.982206e-07
2.7900000000002816,7.948137e-07
2.780000000000282,7.920962e-07
2.770000000000282,7.886699e-07
2.7600000000002822,7.856375e-07
2.7500000000002824,7.814672e-07
2.7400000000002827,7.784223e-07
2.730000000000283,7.757187e-07
2.720000000000283,7.726044e-07
2.7100000000002833,7.686524e-07
2.7000000000002835,7.660882e-07
2.6900000000002837,7.633598e-07
2.680000000000284,7.597541e-07
2.670000000000284,7.568232e-07
2.6600000000002844,7.538244e-07
2.6500000000002846,7.504393e-07
2.640000000000285,7.473045e-07
2.630000000000285,7.439127e-07
2.620000000000285,7.40432e-07
2.6100000000002854,7.386658e-07
2.6000000000002856,7.35096e-07
2.590000000000286,7.316799e-07
2.580000000000286,7.291632e-07
2.5700000000002863,7.258655e-07
2.5600000000002865,7.219136e-07
2.5500000000002867,7.186837e-07
2.540000000000287,7.159804e-07
2.530000000000287,7.120681e-07
2.5200000000002873,7.093687e-07
2.5100000000002876,7.063099e-07
2.5000000000002878,7.02199e-07
2.490000000000288,6.99521e-07
2.480000000000288,6.973059e-07
2.4700000000002884,6.941801e-07
2.4600000000002886,6.907194e-07
2.450000000000289,6.873185e-07
2.440000000000289,6.845979e-07
2.4300000000002893,6.806323e-07
2.4200000000002895,6.777892e-07
2.4100000000002897,6.741126e-07
2.40000000000029,6.704676e-07
2.39000000000029,6.679272e-07
2.3800000000002903,6.644608e-07
2.3700000000002905,6.609206e-07
2.3600000000002908,6.581101e-07
2.350000000000291,6.545679e-07
2.340000000000291,6.510879e-07
2.3300000000002914,6.472896e-07
2.3200000000002916,6.451685e-07
2.310000000000292,6.418363e-07
2.300000000000292,6.380058e-07
2.2900000000002922,6.349646e-07
2.2800000000002925,6.319045e-07
2.2700000000002927,6.288219e-07
2.260000000000293,6.253239e-07
2.250000000000293,6.224096e-07
2.2400000000002933,6.188916e-07
2.2300000000002935,6.162649e-07
2.2200000000002937,6.127517e-07
2.210000000000294,6.102998e-07
2.200000000000294,6.069628e-07
2.1900000000002944,6.038675e-07
2.1800000000002946,5.999198e-07
2.170000000000295,5.969846e-07
2.160000000000295,5.938227e-07
2.1500000000002952,5.906852e-07
2.1400000000002954,5.874857e-07
2.1300000000002957,5.845312e-07
2.120000000000296,5.811103e-07
2.110000000000296,5.778271e-07
2.1000000000002963,5.74615e-07
2.0900000000002965,5.724252e-07
2.0800000000002967,5.692657e-07
2.070000000000297,5.657039e-07
2.060000000000297,5.626216e-07
2.0500000000002974,5.595033e-07
2.0400000000002976,5.568228e-07
2.030000000000298,5.533803e-07
2.020000000000298,5.503931e-07
2.010000000000298,5.475042e-07
2.0000000000002984,5.440123e-07
1.9900000000002986,5.412641e-07
1.9800000000002989,5.382083e-07
1.970000000000299,5.3449e-07
1.9600000000002993,5.309578e-07
1.9500000000002995,5.274532e-07
1.9400000000002997,5.243533e-07
1.9300000000003,5.206625e-07
1.9200000000003001,5.179762e-07
1.9100000000003003,5.144651e-07
1.9000000000003006,5.115742e-07
1.8900000000003008,5.084547e-07
1.880000000000301,5.05324e-07
1.8700000000003012,5.026085e-07
1.8600000000003014,4.997971e-07
1.8500000000003016,4.963679e-07
1.8400000000003018,4.933209e-07
1.830000000000302,4.897732e-07
1.8200000000003023,4.866561e-07
1.8100000000003025,4.842587e-07
1.8000000000003027,4.802159e-07
1.790000000000303,4.772625e-07
1.7800000000003031,4.741446e-07
1.7700000000003033,4.705741e-07
1.7600000000003035,4.672514e-07
1.7500000000003038,4.634079e-07
1.740000000000304,4.597961e-07
1.7300000000003042,4.571429e-07
1.7200000000003044,4.545133e-07
1.7100000000003046,4.504695e-07
1.7000000000003048,4.476099e-07
1.690000000000305,4.444518e-07
1.6800000000003052,4.406576e-07
1.6700000000003055,4.383574e-07
1.6600000000003057,4.352707e-07
1.6500000000003059,4.321062e-07
1.640000000000306,4.291587e-07
1.6300000000003063,4.258681e-07
1.6200000000003065,4.225852e-07
1.6100000000003067,4.196381e-07
1.600000000000307,4.16826e-07
1.5900000000003072,4.127711e-07
1.5800000000003074,4.098289e-07
1.5700000000003076,4.071944e-07
1.5600000000003078,4.041805e-07
1.550000000000308,4.00762e-07
1.5400000000003082,3.977723e-07
1.5300000000003084,3.942221e-07
1.5200000000003087,3.910695e-07
1.5100000000003089,3.881222e-07
1.500000000000309,3.842937e-07
1.4900000000003093,3.804057e-07
1.4800000000003095,3.77306e-07
1.4700000000003097,3.742803e-07
1.46000000000031,3.710297e-07
1.4500000000003102,3.681525e-07
1.4400000000003104,3.650958e-07
1.4300000000003106,3.616233e-07
1.4200000000003108,3.585271e-07
1.410000000000311,3.550924e-07
1.4000000000003112,3.516228e-07
1.3900000000003114,3.483873e-07
1.3800000000003116,3.448902e-07
1.3700000000003119,3.420628e-07
1.360000000000312,3.389268e-07
1.3500000000003123,3.360943e-07
1.3400000000003125,3.328586e-07
1.3300000000003127,3.298561e-07
1.320000000000313,3.266968e-07
1.3100000000003131,3.232263e-07
1.3000000000003133,3.201326e-07
1.2900000000003136,3.171506e-07
1.2800000000003138,3.141945e-07
1.270000000000314,3.11501e-07
1.2600000000003142,3.078745e-07
1.2500000000003144,3.04342e-07
1.2400000000003146,3.014821e-07
1.2300000000003148,2.979251e-07
1.220000000000315,2.946e-07
1.2100000000003153,2.913334e-07
1.2000000000003155,2.882446e-07
1.1900000000003157,2.848618e-07
1.180000000000316,2.812983e-07
1.1700000000003161,2.780992e-07
1.1600000000003163,2.75044e-07
1.1500000000003165,2.72089e-07
1.1400000000003168,2.69066e-07
1.130000000000317,2.65823e-07
1.1200000000003172,2.623809e-07
1.1100000000003174,2.59263e-07
1.1000000000003176,2.558515e-07
1.0900000000003178,2.526696e-07
1.080000000000318,2.501387e-07
1.0700000000003183,2.468747e-07
1.0600000000003185,2.430827e-07
1.0500000000003187,2.402256e-07
1.040000000000319,2.366764e-07
1.030000000000319,2.334106e-07
1.0200000000003193,2.303718e-07
1.0100000000003195,2.273233e-07
1.0000000000003197,2.241537e-07
0.99000000000032,2.211907e-07
0.9800000000003202,2.180382e-07
0.9700000000003204,2.150849e-07
0.9600000000003206,2.118695e-07
0.9500000000003208,2.086798e-07
0.940000000000321,2.060818e-07
0.9300000000003212,2.025942e-07
0.9200000000003214,1.99153e-07
0.9100000000003217,1.96321e-07
0.9000000000003219,1.928114e-07
0.8900000000003221,1.896963e-07
0.8800000000003223,1.867508e-07
0.8700000000003225,1.836574e-07
0.8600000000003227,1.805961e-07
0.8500000000003229,1.773439e-07
0.8400000000003232,1.742523e-07
0.8300000000003234,1.712883e-07
0.8200000000003236,1.684134e-07
0.8100000000003238,1.655226e-07
0.800000000000324,1.622816e-07
0.7900000000003242,1.594802e-07
0.7800000000003244,1.562845e-07
0.7700000000003246,1.533521e-07
0.7600000000003249,1.506539e-07
0.7500000000003251,1.47592e-07
0.7400000000003253,1.448549e-07
0.7300000000003255,1.420401e-07
0.7200000000003257,1.395964e-07
0.7100000000003259,1.361922e-07
0.7000000000003261,1.330199e-07
0.6900000000003264,1.302878e-07
0.6800000000003266,1.274345e-07
0.6700000000003268,1.246413e-07
0.660000000000327,1.218365e-07
0.6500000000003272,1.190016e-07
0.6400000000003274,1.16237e-07
0.6300000000003276,1.132635e-07
0.6200000000003278,1.108028e-07
0.6100000000003281,1.079643e-07
0.6000000000003283,1.051652e-07
0.5900000000003285,1.028254e-07
0.5800000000003287,9.982512e-08
0.5700000000003289,9.759386e-08
0.5600000000003291,9.525171e-08
0.5500000000003293,9.284476e-08
0.5400000000003295,9.003891e-08
0.5300000000003298,8.767172e-08
0.52000000000033,8.549473e-08
0.5100000000003302,8.253297e-08
0.5000000000003304,8.026042e-08
0.4900000000003306,7.800515e-08
0.48000000000033083,7.561637e-08
0.47000000000033104,7.323649e-08
0.46000000000033126,7.069701e-08
0.45000000000033147,6.853305e-08
0.4400000000003317,6.643617e-08
0.4300000000003319,6.421037e-08
0.4200000000003321,6.194853e-08
0.4100000000003323,5.96343e-08
0.40000000000033253,5.741773e-08
0.39000000000033275,5.513154e-08
0.38000000000033296,5.332e-08
0.3700000000003332,5.135067e-08
0.3600000000003334,4.9329e-08
0.3500000000003336,4.734747e-08
0.3400000000003338,4.550346e-08
0.330000000000334,4.374039e-08
0.32000000000033424,4.179179e-08
0.31000000000033445,4.01939e-08
0.30000000000033467,3.825883e-08
0.2900000000003349,3.653781e-08
0.2800000000003351,3.483346e-08
0.2700000000003353,3.324361e-08
0.2600000000003355,3.141076e-08
0.25000000000033573,2.996793e-08
0.24000000000033594,2.830472e-08
0.23000000000033616,2.673049e-08
0.22000000000033637,2.529773e-08
0.21000000000033658,2.37678e-08
0.2000000000003368,2.232058e-08
0.190000000000337,2.109044e-08
0.18000000000033722,1.970993e-08
0.17000000000033744,1.843868e-08
0.16000000000033765,1.712642e-08
0.15000000000033786,1.600094e-08
0.14000000000033808,1.476238e-08
0.1300000000003383,1.36449e-08
0.1200000000003385,1.242477e-08
0.11000000000033872,1.124419e-08
0.10000000000033893,1.022071e-08
0.09000000000033914,9.226382e-09
0.08000000000033936,8.174912e-09
0.07000000000033957,7.10989e-09
0.06000000000033978,6.090138e-09
0.050000000000339995,5.061296e-09
0.04000000000034021,4.007232e-09
0.03000000000034042,2.975078e-09
0.020000000000340634,1.969632e-09
0.010000000000340847,9.929771e-10
3.410605131648481e-13,1.612522e-11
-0.00999999999965695,-9.724959e-10
-0.019999999999658513,-1.976981e-09
-0.029999999999660076,-2.933978e-09
-0.03999999999965809,-3.951437e-09
-0.0499999999996561,-4.943983e-09
-0.05999999999965766,-5.988118e-09
-0.06999999999965922,-7.028515e-09
-0.07999999999965723,-7.940869e-09
-0.08999999999965524,-8.962425e-09
-0.09999999999965681,-1.025189e-08
-0.10999999999965837,-1.127613e-08
-0.11999999999965638,-1.235728e-08
-0.1299999999996544,-1.351396e-08
-0.13999999999965596,-1.433472e-08
-0.14999999999965752,-1.546575e-08
-0.15999999999965553,-1.676271e-08
-0.16999999999965354,-1.803964e-08
-0.1799999999996551,-1.913065e-08
-0.18999999999965667,-2.013937e-08
-0.19999999999965468,-2.154356e-08
-0.2099999999996527,-2.275839e-08
-0.21999999999965425,-2.376847e-08
-0.2299999999996558,-2.504371e-08
-0.23999999999965382,-2.664609e-08
-0.24999999999965183,-2.774186e-08
-0.2599999999996534,-2.887311e-08
-0.26999999999965496,-3.029266e-08
-0.27999999999965297,-3.170722e-08
-0.289999999999651,-3.290509e-08
-0.29999999999965254,-3.414615e-08
-0.3099999999996541,-3.593606e-08
-0.3199999999996521,-3.752128e-08
-0.32999999999965013,-3.923556e-08
-0.3399999999996517,-4.033108e-08
-0.34999999999965326,-4.20175e-08
-0.35999999999965127,-4.372083e-08
-0.3699999999996493,-4.529912e-08
-0.37999999999965084,-4.694747e-08
-0.3899999999996524,-4.837838e-08
-0.3999999999996504,-5.017817e-08
-0.4099999999996484,-5.19424e-08
-0.41999999999965,-5.322029e-08
-0.42999999999965155,-5.492256e-08
-0.43999999999964956,-5.665523e-08
-0.44999999999964757,-5.79882e-08
-0.45999999999964913,-5.964122e-08
-0.4699999999996507,-6.155692e-08
-0.4799999999996487,-6.331018e-08
-0.4899999999996467,-6.494567e-08
-0.4999999999996483,-6.65774e-08
-0.5099999999996498,-6.788827e-08
-0.5199999999996479,-6.922684e-08
-0.5299999999996459,-7.106453e-08
-0.5399999999996474,-7.345404e-08
-0.549999999999649,-7.409963e-08
-0.559999999999647,-7.575787e-08
-0.569999999999645,-7.764774e-08
-0.5799999999996466,-7.890436e-08
-0.5899999999996481,-8.072064e-08
-0.5999999999996461,-8.299893e-08
-0.6099999999996442,-8.495945e-08
-0.6199999999996457,-8.635789e-08
-0.6299999999996473,-8.793422e-08
-0.6399999999996453,-8.926343e-08
-0.6499999999996433,-9.123607e-08
-0.6599999999996449,-9.295479e-08
-0.6699999999996464,-9.401288e-08
-0.6799999999996444,-9.57085e-08
-0.6899999999996425,-9.749802e-08
-0.699999999999644,-9.877917e-08
-0.7099999999996456,-1.015052e-07
-0.7199999999996436,-1.026781e-07
-0.7299999999996416,-1.038724e-07
-0.7399999999996432,-1.050642e-07
-0.7499999999996447,-1.062792e-07
-0.7599999999996427,-1.077933e-07
-0.7699999999996407,-1.08821e-07
-0.7799999999996423,-1.101051e-07
-0.7899999999996439,-1.115499e-07
-0.7999999999996419,-1.127505e-07
-0.8099999999996399,-1.139898e-07
-0.8199999999996415,-1.151153e-07
-0.829999999999643,-1.157265e-07
-0.839999999999641,-1.173972e-07
-0.849999999999639,-1.186164e-07
-0.8599999999996406,-1.196542e-07
-0.8699999999996422,-1.210787e-07
-0.8799999999996402,-1.217102e-07
-0.8899999999996382,-1.236575e-07
-0.8999999999996398,-1.246686e-07
-0.9099999999996413,-1.259161e-07
-0.9199999999996393,-1.276378e-07
-0.9299999999996373,-1.288861e-07
-0.9399999999996389,-1.301635e-07
-0.9499999999996405,-1.314845e-07
-0.9599999999996385,-1.334049e-07
-0.9699999999996365,-1.342251e-07
-0.979999999999638,-1.358277e-07
-0.9899999999996396,-1.371105e-07
-0.9999999999996376,-1.381177e-07
-1.0099999999996356,-1.395327e-07
-1.0199999999996372,-1.409771e-07
-1.0299999999996388,-1.425743e-07
-1.0399999999996368,-1.438777e-07
-1.0499999999996348,-1.445947e-07
-1.0599999999996363,-1.464373e-07
-1.069999999999638,-1.477296e-07
-1.079999999999636,-1.490001e-07
-1.089999999999634,-1.503276e-07
-1.0999999999996355,-1.514381e-07
-1.109999999999637,-1.522929e-07
-1.119999999999635,-1.537653e-07
-1.129999999999633,-1.555838e-07
-1.1399999999996346,-1.568255e-07
-1.1499999999996362,-1.582374e-07
-1.1599999999996342,-1.588989e-07
-1.1699999999996322,-1.608257e-07
-1.1799999999996338,-1.623256e-07
-1.1899999999996353,-1.63902e-07
-1.1999999999996334,-1.660134e-07
-1.2099999999996314,-1.675636e-07
-1.219999999999633,-1.686723e-07
-1.2299999999996345,-1.70181e-07
-1.2399999999996325,-1.712951e-07
-1.2499999999996305,-1.727319e-07
-1.259999999999632,-1.743869e-07
-1.2699999999996336,-1.761509e-07
-1.2799999999996317,-1.777471e-07
-1.2899999999996297,-1.789716e-07
-1.2999999999996312,-1.804883e-07
-1.3099999999996328,-1.813379e-07
-1.3199999999996308,-1.829564e-07
-1.3299999999996288,-1.847696e-07
-1.3399999999996304,-1.852479e-07
-1.349999999999632,-1.872376e-07
-1.35999999999963,-1.888983e-07
-1.369999999999628,-1.902323e-07
-1.3799999999996295,-1.920093e-07
-1.389999999999631,-1.927966e-07
-1.399999999999629,-1.938112e-07
-1.409999999999627,-1.958128e-07
-1.4199999999996287,-1.966783e-07
-1.4299999999996302,-1.983766e-07
-1.4399999999996282,-1.997471e-07
-1.4499999999996263,-2.012121e-07
-1.4599999999996278,-2.02844e-07
-1.4699999999996294,-2.040943e-07
-1.4799999999996274,-2.050779e-07
-1.4899999999996254,-2.061149e-07
-1.499999999999627,-2.08534e-07
-1.5099999999996285,-2.091628e-07
-1.5199999999996265,-2.107557e-07
-1.5299999999996245,-2.121066e-07
-1.5399999999996261,-2.135663e-07
-1.5499999999996277,-2.146552e-07
-1.5599999999996257,-2.165213e-07
-1.5699999999996237,-2.187132e-07
-1.5799999999996253,-2.18718e-07
-1.5899999999996268,-2.208241e-07
-1.5999999999996248,-2.225062e-07
-1.6099999999996228,-2.236044e-07
-1.6199999999996244,-2.255742e-07
-1.629999999999626,-2.265663e-07
-1.639999999999624,-2.283902e-07
-1.649999999999622,-2.294268e-07
-1.6599999999996236,-2.313775e-07
-1.6699999999996251,-2.326963e-07
-1.6799999999996231,-2.33865e-07
-1.6899999999996211,-2.356153e-07
-1.6999999999996227,-2.365073e-07
-1.7099999999996243,-2.379517e-07
-1.7199999999996223,-2.393031e-07
-1.7299999999996203,-2.408031e-07
-1.7399999999996218,-2.422165e-07
-1.7499999999996234,-2.429483e-07
-1.7599999999996214,-2.451779e-07
-1.7699999999996194,-2.467112e-07
-1.779999999999621,-2.482761e-07
-1.7899999999996226,-2.498091e-07
-1.7999999999996206,-2.507462e-07
-1.8099999999996186,-2.5215e-07
-1.8199999999996201,-2.531428e-07
-1.8299999999996217,-2.54565e-07
-1.8399999999996197,-2.564302e-07
-1.8499999999996177,-2.57192e-07
-1.8599999999996193,-2.583463e-07
-1.8699999999996209,-2.596981e-07
-1.8799999999996189,-2.608632e-07
-1.8899999999996169,-2.626995e-07
-1.8999999999996184,-2.639919e-07
-1.90999999999962,-2.648446e-07
-1.919999999999618,-2.658446e-07
-1.929999999999616,-2.676441e-07
-1.9399999999996176,-2.694047e-07
-1.9499999999996191,-2.713738e-07
-1.9599999999996172,-2.729361e-07
-1.9699999999996152,-2.741002e-07
-1.9799999999996167,-2.759845e-07
-1.9899999999996183,-2.773707e-07
-1.9999999999996163,-2.791612e-07
-2.0099999999996143,-2.806241e-07
-2.019999999999616,-2.819342e-07
-2.0299999999996174,-2.840784e-07
-2.0399999999996155,-2.854445e-07
-2.0499999999996135,-2.869512e-07
-2.059999999999615,-2.888771e-07
-2.0699999999996166,-2.901947e-07
-2.0799999999996146,-2.915208e-07
-2.0899999999996126,-2.93281e-07
-2.099999999999614,-2.948907e-07
-2.1099999999996157,-2.966946e-07
-2.1199999999996137,-2.978824e-07
-2.1299999999996118,-3.001712e-07
-2.1399999999996133,-3.014636e-07
-2.149999999999615,-3.028906e-07
-2.159999999999613,-3.049622e-07
-2.169999999999611,-3.065319e-07
-2.1799999999996125,-3.088608e-07
-2.189999999999614,-3.106652e-07
-2.199999999999612,-3.125695e-07
-2.20999999999961,-3.151451e-07
-2.2199999999996116,-3.172574e-07
-2.229999999999613,-3.192324e-07
-2.239999999999611,-3.211372e-07
-2.249999999999609,-3.233132e-07
-2.2599999999996108,-3.248751e-07
-2.2699999999996123,-3.267114e-07
-2.2799999999996103,-3.284964e-07
-2.2899999999996083,-3.304782e-07
-2.29999999999961,-3.323889e-07
-2.3099999999996115,-3.340172e-07
-2.3199999999996095,-3.360239e-07
-2.3299999999996075,-3.384577e-07
-2.339999999999609,-3.400711e-07
-2.3499999999996106,-3.414091e-07
-2.3599999999996086,-3.43275e-07
-2.3699999999996066,-3.450403e-07
-2.379999999999608,-3.465299e-07
-2.3899999999996098,-3.485584e-07
-2.399999999999608,-3.499891e-07
-2.409999999999606,-3.518789e-07
-2.4199999999996074,-3.536555e-07
-2.429999999999609,-3.561373e-07
-2.439999999999607,-3.581769e-07
-2.449999999999605,-3.601187e-07
-2.4599999999996065,-3.615183e-07
-2.469999999999608,-3.630673e-07
-2.479999999999606,-3.650327e-07
-2.489999999999604,-3.673873e-07
-2.4999999999996056,-3.689408e-07
-2.509999999999607,-3.712514e-07
-2.5199999999996052,-3.724799e-07
-2.5299999999996032,-3.747396e-07
-2.539999999999605,-3.77056e-07
-2.5499999999996064,-3.78221e-07
-2.5599999999996044,-3.798767e-07
-2.5699999999996024,-3.81722e-07
-2.579999999999604,-3.834402e-07
-2.5899999999996055,-3.846252e-07
-2.5999999999996035,-3.860626e-07
-2.6099999999996015,-3.871503e-07
-2.619999999999603,-3.89091e-07
-2.6299999999996047,-3.899633e-07
-2.6399999999996027,-3.913204e-07
-2.6499999999996007,-3.929814e-07
-2.6599999999996022,-3.944638e-07
-2.669999999999604,-3.959012e-07
-2.679999999999602,-3.97596e-07
-2.6899999999996,-3.993563e-07
-2.6999999999996014,-4.015032e-07
-2.709999999999603,-4.030651e-07
-2.719999999999601,-4.049345e-07
-2.729999999999599,-4.065876e-07
-2.7399999999996005,-4.078709e-07
-2.749999999999602,-4.098225e-07
-2.7599999999996,-4.110198e-07
-2.769999999999598,-4.128931e-07
-2.7799999999995997,-4.144692e-07
-2.7899999999996012,-4.159448e-07
-2.7999999999995993,-4.17936e-07
-2.8099999999995973,-4.194617e-07
-2.819999999999599,-4.213148e-07
-2.8299999999996004,-4.232171e-07
-2.8399999999995984,-4.24933e-07
-2.8499999999995964,-4.260664e-07
-2.859999999999598,-4.273464e-07
-2.8699999999995995,-4.290343e-07
-2.8799999999995975,-4.299854e-07
-2.8899999999995956,-4.313776e-07
-2.899999999999597,-4.333698e-07
-2.9099999999995987,-4.351396e-07
-2.9199999999995967,-4.366838e-07
-2.9299999999995947,-4.382867e-07
-2.9399999999995963,-4.397216e-07
-2.949999999999598,-4.414876e-07
-2.959999999999596,-4.431844e-07
-2.969999999999594,-4.446484e-07
-2.9799999999995954,-4.46216e-07
-2.989999999999597,-4.481097e-07
-2.999999999999595,-4.497657e-07
-3.009999999999593,-4.506835e-07
-3.0199999999995946,-4.521152e-07
-3.029999999999596,-4.533901e-07
-3.039999999999594,-4.54947e-07
-3.049999999999592,-4.567592e-07
-3.0599999999995937,-4.584423e-07
-3.0699999999995953,-4.60151e-07
-3.0799999999995933,-4.618896e-07
-3.0899999999995913,-4.629235e-07
-3.099999999999593,-4.645536e-07
-3.1099999999995944,-4.659557e-07
-3.1199999999995924,-4.675623e-07
-3.1299999999995904,-4.696684e-07
-3.139999999999592,-4.715251e-07
-3.1499999999995936,-4.737995e-07
-3.1599999999995916,-4.745376e-07
-3.1699999999995896,-4.770339e-07
-3.179999999999591,-4.788285e-07
-3.1899999999995927,-4.79864e-07
-3.1999999999995907,-4.817819e-07
-3.2099999999995887,-4.833268e-07
-3.2199999999995903,-4.849712e-07
-3.229999999999592,-4.868426e-07
-3.23999999999959,-4.874767e-07
-3.249999999999588,-4.888416e-07
-3.2599999999995894,-4.909157e-07
-3.269999999999591,-4.922407e-07
-3.279999999999589,-4.945721e-07
-3.289999999999587,-4.965598e-07
-3.2999999999995886,-4.987054e-07
-3.30999999999959,-4.99714e-07
-3.319999999999588,-5.017151e-07
-3.329999999999586,-5.031789e-07
-3.3399999999995877,-5.052095e-07
-3.3499999999995893,-5.06733e-07
-3.3599999999995873,-5.073473e-07
-3.3699999999995853,-5.094354e-07
-3.379999999999587,-5.108071e-07
-3.3899999999995885,-5.122374e-07
-3.3999999999995865,-5.135553e-07
-3.4099999999995845,-5.146414e-07
-3.419999999999586,-5.164166e-07
-3.4299999999995876,-5.187241e-07
-3.4399999999995856,-5.192789e-07
-3.4499999999995836,-5.205171e-07
-3.459999999999585,-5.226221e-07
-3.4699999999995867,-5.247834e-07
-3.4799999999995848,-5.258058e-07
-3.4899999999995828,-5.265914e-07
-3.4999999999995843,-5.290742e-07
-3.509999999999586,-5.301956e-07
-3.519999999999584,-5.335149e-07
-3.529999999999582,-5.354525e-07
-3.5399999999995835,-5.3677e-07
-3.549999999999585,-5.378451e-07
-3.559999999999583,-5.39328e-07
-3.569999999999581,-5.404467e-07
-3.5799999999995826,-5.41976e-07
-3.589999999999584,-5.434099e-07
-3.599999999999582,-5.452038e-07
-3.60999999999958,-5.468865e-07
-3.6199999999995818,-5.482614e-07
-3.6299999999995833,-5.492875e-07
-3.6399999999995813,-5.514663e-07
-3.6499999999995794,-5.54534e-07
-3.659999999999581,-5.567012e-07
-3.6699999999995825,-5.586309e-07
-3.6799999999995805,-5.609372e-07
-3.6899999999995785,-5.611917e-07
-3.69999999999958,-5.630488e-07
-3.7099999999995816,-5.643558e-07
-3.7199999999995796,-5.664839e-07
-3.7299999999995777,-5.678828e-07
-3.739999999999579,-5.702551e-07
-3.749999999999581,-5.721683e-07
-3.759999999999579,-5.742564e-07
-3.769999999999577,-5.760656e-07
-3.7799999999995784,-5.7625e-07
-3.78999999999958,-5.783251e-07
-3.799999999999578,-5.821169e-07
-3.809999999999576,-5.85287e-07
-3.8199999999995775,-5.865492e-07
-3.829999999999579,-5.878192e-07
-3.839999999999577,-5.89365e-07
-3.849999999999575,-5.913582e-07
-3.8599999999995767,-5.931744e-07
-3.869999999999578,-5.95204e-07
-3.8799999999995762,-5.972663e-07
-3.8899999999995742,-5.990361e-07
-3.899999999999576,-6.003765e-07
-3.9099999999995774,-6.024943e-07
-3.9199999999995754,-6.041364e-07
-3.9299999999995734,-6.061159e-07
-3.939999999999575,-6.103014e-07
-3.9499999999995765,-6.143932e-07
-3.9599999999995745,-6.169746e-07
-3.9699999999995725,-6.189974e-07
-3.979999999999574,-6.204531e-07
-3.9899999999995757,-6.222827e-07
-3.9999999999995737,-6.241069e-07
-4.009999999999572,-6.260111e-07
-4.019999999999573,-6.273666e-07
-4.029999999999575,-6.292528e-07
-4.039999999999573,-6.312042e-07
-4.049999999999571,-6.330356e-07
-4.059999999999572,-6.367419e-07
-4.069999999999574,-6.393228e-07
-4.079999999999572,-6.410007e-07
-4.08999999999957,-6.434148e-07
-4.0999999999995715,-6.465553e-07
-4.109999999999573,-6.499664e-07
-4.119999999999571,-6.53883e-07
-4.129999999999569,-6.56798e-07
-4.139999999999571,-6.585367e-07
-4.149999999999572,-6.613353e-07
-4.15999999999957,-6.63438e-07
-4.169999999999568,-6.648015e-07
-4.17999999999957,-6.667117e-07
-4.189999999999571,-6.691062e-07
-4.199999999999569,-6.721291e-07
-4.209999999999567,-6.749235e-07
-4.219999999999569,-6.775759e-07
-4.2299999999995705,-6.794176e-07
-4.239999999999569,-6.806302e-07
-4.249999999999567,-6.818618e-07
-4.259999999999568,-6.84373e-07
-4.26999999999957,-6.855162e-07
-4.279999999999568,-6.893538e-07
-4.289999999999566,-6.897271e-07
-4.299999999999567,-6.925938e-07
-4.309999999999569,-6.947121e-07
-4.319999999999567,-6.987899e-07
-4.329999999999565,-7.03651e-07
-4.339999999999566,-7.075906e-07
-4.349999999999568,-7.106976e-07
-4.359999999999566,-7.146017e-07
-4.369999999999564,-7.170967e-07
-4.379999999999566,-7.19308e-07
-4.389999999999567,-7.223229e-07
-4.399999999999565,-7.250254e-07
-4.409999999999563,-7.261577e-07
-4.419999999999565,-7.276257e-07
-4.429999999999566,-7.295521e-07
-4.439999999999564,-7.316652e-07
-4.449999999999562,-7.347265e-07
-4.459999999999564,-7.362583e-07
-4.469999999999565,-7.388284e-07
-4.479999999999563,-7.403553e-07
-4.4899999999995615,-7.42841e-07
-4.499999999999563,-7.44853e-07
-4.509999999999565,-7.465483e-07
-4.519999999999563,-7.494927e-07
-4.529999999999561,-7.515211e-07
-4.539999999999562,-7.537423e-07
-4.549999999999564,-7.534999e-07
-4.559999999999562,-7.565803e-07
-4.56999999999956,-7.59203e-07
-4.579999999999561,-7.642708e-07
-4.589999999999563,-7.668893e-07
-4.599999999999561,-7.695056e-07
-4.609999999999559,-7.726257e-07
-4.6199999999995605,-7.745386e-07
-4.629999999999562,-7.768174e-07
-4.63999999999956,-7.786921e-07
-4.649999999999558,-7.814139e-07
-4.65999999999956,-7.834773e-07
-4.669999999999561,-7.835397e-07
-4.679999999999559,-7.844786e-07
-4.689999999999557,-7.866809e-07
-4.699999999999559,-7.866607e-07
-4.70999999999956,-7.88225e-07
-4.719999999999558,-7.894147e-07
-4.729999999999556,-7.920133e-07
-4.739999999999558,-7.939144e-07
-4.7499999999995595,-7.952457e-07
-4.7599999999995575,-7.973137e-07
-4.7699999999995555,-8.000058e-07
-4.779999999999557,-8.01948e-07
-4.789999999999559,-8.026557e-07
-4.799999999999557,-8.045212e-07
-4.809999999999555,-8.054355e-07
-4.819999999999556,-8.071745e-07
-4.829999999999558,-8.075738e-07
-4.839999999999556,-8.093461e-07
-4.849999999999554,-8.106367e-07
-4.859999999999555,-8.133344e-07
-4.869999999999557,-8.152294e-07
-4.879999999999555,-8.170986e-07
-4.889999999999553,-8.181032e-07
-4.8999999999995545,-8.189831e-07
-4.909999999999556,-8.192202e-07
-4.919999999999554,-8.210428e-07
-4.929999999999552,-8.229492e-07
-4.939999999999554,-8.249509e-07
-4.949999999999555,-8.270858e-07
-4.959999999999553,-8.285385e-07
-4.969999999999551,-8.304408e-07
-4.979999999999553,-8.317861e-07
-4.989999999999554,-8.334361e-07
-4.999999999999552,-8.340161e-07
-5.00999999999955,-8.351653e-07
-5.019999999999552,-8.365556e-07
-5.0299999999995535,-8.405306e-07
-5.0399999999995515,-8.418606e-07
-5.0499999999995495,-8.435895e-07
-5.059999999999551,-8.495871e-07
-5.069999999999553,-8.538544e-07
-5.079999999999551,-8.617154e-07
-5.089999999999549,-8.621995e-07
-5.09999999999955,-8.608824e-07
-5.109999999999552,-8.60734e-07
-5.11999999999955,-8.623343e-07
-5.129999999999548,-8.606297e-07
-5.139999999999549,-8.61738e-07
-5.149999999999551,-8.630712e-07
-5.159999999999549,-8.63217e-07
-5.169999999999547,-8.650299e-07
-5.1799999999995485,-8.656059e-07
-5.18999999999955,-8.670431e-07
-5.199999999999548,-8.687732e-07
-5.209999999999546,-8.687526e-07
-5.219999999999548,-8.70351e-07
-5.229999999999549,-8.711905e-07
-5.239999999999547,-8.722993e-07
-5.249999999999545,-8.781718e-07
-5.259999999999547,-8.74644e-07
-5.269999999999548,-8.761989e-07
-5.279999999999546,-8.777147e-07
-5.289999999999544,-8.792713e-07
-5.299999999999546,-8.834817e-07
-5.3099999999995475,-8.827445e-07
-5.3199999999995455,-8.899332e-07
-5.3299999999995435,-8.866731e-07
-5.339999999999545,-8.891805e-07
-5.349999999999547,-8.924877e-07
-5.359999999999545,-8.946895e-07
-5.369999999999543,-8.959939e-07
-5.379999999999544,-8.934196e-07
-5.389999999999546,-8.960959e-07
-5.399999999999544,-8.99255e-07
-5.409999999999542,-9.018905e-07
-5.419999999999543,-9.058846e-07
-5.429999999999545,-9.050685e-07
-5.439999999999543,-9.104689e-07
-5.449999999999541,-9.103302e-07
-5.4599999999995426,-9.109685e-07
-5.469999999999544,-9.210561e-07
-5.479999999999542,-9.103416e-07
-5.48999999999954,-9.25979e-07
-5.499999999999542,-9.186449e-07
-5.509999999999543,-9.325708e-07
-5.519999999999541,-9.195613e-07
-5.529999999999539,-9.422454e-07
-5.539999999999541,-9.304882e-07
-5.549999999999542,-9.347559e-07
-5.55999999999954,-9.535005e-07
-5.569999999999538,-9.361078e-07
-5.57999999999954,-9.590088e-07
-5.589999999999542,-9.386357e-07
-5.59999999999954,-9.622261e-07
-5.609999999999538,-9.411014e-07
-5.619999999999539,-9.474558e-07
-5.629999999999541,-9.727336e-07
-5.639999999999539,-9.468366e-07
-5.649999999999537,-9.753201e-07
-5.659999999999538,-9.495075e-07
-5.66999999999954,-9.831032e-07
-5.679999999999538,-9.539802e-07
-5.689999999999536,-9.882241e-07
-5.699999999999537,-9.982012e-07
-5.709999999999539,-1.001424e-06
-5.719999999999537,-1.000945e-06
-5.729999999999535,-1.003231e-06
-5.739999999999537,-1.006025e-06
-5.749999999999538,-1.007563e-06
-5.759999999999536,-1.006974e-06
-5.769999999999534,-1.008081e-06
-5.779999999999536,-1.008903e-06
-5.789999999999537,-1.0088e-06
-5.799999999999535,-1.011659e-06
-5.809999999999533,-1.012537e-06
-5.819999999999535,-1.0127e-06
-5.829999999999536,-1.015249e-06
-5.8399999999995345,-1.016376e-06
-5.8499999999995325,-1.017258e-06
-5.859999999999534,-1.018896e-06
-5.869999999999536,-1.022325e-06
-5.879999999999534,-1.02604e-06
-5.889999999999532,-1.029022e-06
-5.899999999999533,-1.029758e-06
-5.909999999999535,-1.030691e-06
-5.919999999999533,-1.03145e-06
-5.929999999999531,-1.034005e-06
-5.939999999999532,-1.037185e-06
-5.949999999999534,-1.03936e-06
-5.959999999999532,-1.041247e-06
-5.96999999999953,-1.044198e-06
-5.9799999999995315,-1.045841e-06
-5.989999999999533,-1.048359e-06
-5.999999999999531,-1.051354e-06
-6.009999999999529,-1.05523e-06
-6.019999999999531,-1.057893e-06
-6.029999999999532,-1.060375e-06
-6.03999999999953,-1.062033e-06
-6.049999999999528,-1.062817e-06
-6.05999999999953,-1.065075e-06
-6.069999999999531,-1.068275e-06
-6.079999999999529,-1.070234e-06
-6.089999999999527,-1.072159e-06
-6.099999999999529,-1.073704e-06
-6.1099999999995305,-1.075375e-06
-6.1199999999995285,-1.076652e-06
-6.1299999999995265,-1.078335e-06
-6.139999999999528,-1.080244e-06
-6.14999999999953,-1.083291e-06
-6.159999999999528,-1.085392e-06
-6.169999999999526,-1.085711e-06
-6.179999999999527,-1.086608e-06
-6.189999999999529,-1.090832e-06
-6.199999999999527,-1.091734e-06
-6.209999999999525,-1.095595e-06
-6.219999999999526,-1.097893e-06
-6.229999999999528,-1.099382e-06
-6.239999999999526,-1.100672e-06
-6.249999999999524,-1.103965e-06
-6.2599999999995255,-1.105739e-06
-6.269999999999527,-1.10643e-06
-6.279999999999525,-1.108381e-06
-6.289999999999523,-1.109188e-06
-6.299999999999525,-1.110208e-06
-6.309999999999526,-1.114215e-06
-6.319999999999524,-1.11579e-06
-6.329999999999522,-1.121191e-06
-6.339999999999524,-1.122477e-06
-6.349999999999525,-1.125879e-06
-6.359999999999523,-1.128418e-06
-6.369999999999521,-1.1295e-06
-6.379999999999523,-1.131088e-06
-6.3899999999995245,-1.133851e-06
-6.3999999999995225,-1.136368e-06
-6.4099999999995205,-1.136793e-06
-6.419999999999522,-1.138974e-06
-6.429999999999524,-1.140507e-06
-6.439999999999522,-1.142067e-06
-6.44999999999952,-1.145236e-06
-6.459999999999521,-1.14972e-06
-6.469999999999523,-1.148534e-06
-6.479999999999521,-1.153492e-06
-6.489999999999519,-1.156799e-06
-6.49999999999952,-1.156422e-06
-6.509999999999522,-1.15998e-06
-6.51999999999952,-1.162139e-06
-6.529999999999518,-1.162174e-06
-6.5399999999995195,-1.181852e-06
-6.549999999999521,-1.185561e-06
-6.559999999999519,-1.185365e-06
-6.569999999999517,-1.185826e-06
-6.579999999999519,-1.185855e-06
-6.58999999999952,-1.185096e-06
-6.599999999999518,-1.189342e-06
-6.609999999999516,-1.190499e-06
-6.619999999999518,-1.192433e-06
-6.629999999999519,-1.194419e-06
-6.639999999999517,-1.195433e-06
-6.649999999999515,-1.197344e-06
-6.659999999999517,-1.200867e-06
-6.6699999999995185,-1.202013e-06
-6.6799999999995165,-1.204415e-06
-6.689999999999515,-1.204333e-06
-6.699999999999516,-1.207874e-06
-6.709999999999518,-1.211348e-06
-6.719999999999516,-1.216769e-06
-6.729999999999514,-1.218024e-06
-6.739999999999515,-1.220554e-06
-6.749999999999517,-1.226026e-06
-6.759999999999515,-1.228538e-06
-6.769999999999513,-1.231772e-06
-6.779999999999514,-1.23388e-06
-6.789999999999516,-1.235261e-06
-6.799999999999514,-1.239011e-06
-6.809999999999512,-1.243679e-06
-6.819999999999514,-1.245872e-06
-6.829999999999515,-1.2493e-06
-6.839999999999513,-1.251641e-06
-6.849999999999511,-1.254901e-06
-6.859999999999513,-1.257971e-06
-6.869999999999514,-1.260184e-06
-6.879999999999512,-1.262172e-06
-6.88999999999951,-1.263018e-06
-6.899999999999512,-1.266849e-06
-6.909999999999513,-1.269447e-06
-6.919999999999511,-1.271723e-06
-6.929999999999509,-1.273893e-06
-6.939999999999511,-1.276854e-06
-6.949999999999513,-1.278856e-06
-6.959999999999511,-1.283203e-06
-6.969999999999509,-1.282887e-06
-6.97999999999951,-1.286693e-06
-6.989999999999512,-1.289169e-06
-6.99999999999951,-1.292116e-06
-7.009999999999508,-1.295555e-06
-7.019999999999509,-1.299756e-06
-7.029999999999511,-1.301192e-06
-7.039999999999509,-1.304745e-06
-7.049999999999507,-1.305337e-06
-7.0599999999995084,-1.307925e-06
-7.06999999999951,-1.311431e-06
-7.079999999999508,-1.313956e-06
-7.089999999999506,-1.318716e-06
-7.099999999999508,-1.321198e-06
-7.109999999999509,-1.325347e-06
-7.119999999999507,-1.329213e-06
-7.129999999999505,-1.331787e-06
-7.139999999999507,-1.334152e-06
-7.149999999999508,-1.33744e-06
-7.159999999999506,-1.340067e-06
-7.169999999999504,-1.343167e-06
-7.179999999999506,-1.344952e-06
-7.1899999999995075,-1.346842e-06
-7.1999999999995055,-1.348672e-06
-7.2099999999995035,-1.351445e-06
-7.219999999999505,-1.356028e-06
-7.229999999999507,-1.358641e-06
-7.239999999999505,-1.35938e-06
-7.249999999999503,-1.357705e-06
-7.259999999999504,-1.362888e-06
-7.269999999999506,-1.368968e-06
-7.279999999999504,-1.376494e-06
-7.289999999999502,-1.384257e-06
-7.299999999999503,-1.39958e-06
-7.309999999999505,-1.402273e-06
-7.319999999999503,-1.40861e-06
-7.329999999999501,-1.412126e-06
-7.3399999999995025,-1.41368e-06
-7.349999999999504,-1.41672e-06
-7.359999999999502,-1.418269e-06
-7.3699999999995,-1.426124e-06
-7.379999999999502,-1.4383e-06
-7.389999999999503,-1.453636e-06
-7.399999999999501,-1.461856e-06
-7.409999999999499,-1.467625e-06
-7.419999999999501,-1.4692e-06
-7.429999999999502,-1.473912e-06
-7.4399999999995,-1.478283e-06
-7.449999999999498,-1.48116e-06
-7.4599999999995,-1.485547e-06
-7.4699999999995015,-1.48508e-06
-7.4799999999994995,-1.49364e-06
-7.4899999999994975,-1.50035e-06
-7.499999999999499,-1.50323e-06
-7.509999999999501,-1.509506e-06
-7.519999999999499,-1.514853e-06
-7.529999999999497,-1.521806e-06
-7.539999999999498,-1.525411e-06
-7.5499999999995,-1.531984e-06
-7.559999999999498,-1.53637e-06
-7.569999999999496,-1.539395e-06
-7.579999999999497,-1.544707e-06
-7.589999999999499,-1.546716e-06
-7.599999999999497,-1.549442e-06
-7.609999999999495,-1.552998e-06
-7.6199999999994965,-1.555914e-06
-7.629999999999498,-1.56135e-06
-7.639999999999496,-1.567681e-06
-7.649999999999494,-1.572988e-06
-7.659999999999496,-1.574942e-06
-7.669999999999497,-1.57843e-06
-7.679999999999495,-1.582338e-06
-7.689999999999493,-1.585571e-06
-7.699999999999495,-1.589884e-06
-7.709999999999496,-1.593399e-06
-7.719999999999494,-1.598333e-06
-7.729999999999492,-1.602229e-06
-7.739999999999494,-1.606708e-06
-7.7499999999994955,-1.610748e-06
-7.7599999999994935,-1.613954e-06
-7.7699999999994915,-1.61643e-06
-7.779999999999493,-1.620194e-06
-7.789999999999495,-1.627506e-06
-7.799999999999493,-1.660321e-06
-7.809999999999491,-1.664816e-06
-7.819999999999492,-1.669142e-06
-7.829999999999494,-1.675888e-06
-7.839999999999492,-1.680771e-06
-7.84999999999949,-1.689688e-06
-7.859999999999491,-1.696709e-06
-7.869999999999493,-1.698562e-06
-7.879999999999491,-1.707678e-06
-7.889999999999489,-1.711233e-06
-7.8999999999994905,-1.714998e-06
-7.909999999999492,-1.725399e-06
-7.91999999999949,-1.725514e-06
-7.929999999999488,-1.731599e-06
-7.93999999999949,-1.730547e-06
-7.949999999999491,-1.73434e-06
-7.959999999999489,-1.74022e-06
-7.969999999999487,-1.74697e-06
-7.979999999999489,-1.751471e-06
-7.98999999999949,-1.758588e-06
-7.999999999999488,-1.76544e-06
-8.009999999999486,-1.772531e-06
-8.019999999999488,-1.779998e-06
-8.02999999999949,-1.787877e-06
-8.039999999999488,-1.789639e-06
-8.049999999999486,-1.793305e-06
-8.059999999999487,-1.797304e-06
-8.069999999999489,-1.799004e-06
-8.079999999999487,-1.803354e-06
-8.089999999999485,-1.810143e-06
-8.099999999999486,-1.812751e-06
-8.109999999999488,-1.816337e-06
-8.119999999999486,-1.818695e-06
-8.129999999999484,-1.821982e-06
-8.139999999999485,-1.82659e-06
-8.149999999999487,-1.828913e-06
-8.159999999999485,-1.837959e-06
-8.169999999999483,-1.844588e-06
-8.179999999999485,-1.84941e-06
-8.189999999999486,-1.852127e-06
-8.199999999999484,-1.857542e-06
-8.209999999999482,-1.860934e-06
-8.219999999999484,-1.863878e-06
-8.229999999999485,-1.866336e-06
-8.239999999999483,-1.868034e-06
-8.249999999999481,-1.872624e-06
-8.259999999999483,-1.876087e-06
-8.269999999999484,-1.878026e-06
-8.279999999999482,-1.880464e-06
-8.28999999999948,-1.880081e-06
-8.299999999999482,-1.884832e-06
-8.309999999999484,-1.89099e-06
-8.319999999999482,-1.895883e-06
-8.32999999999948,-1.898009e-06
-8.339999999999481,-1.902833e-06
-8.349999999999483,-1.906868e-06
-8.35999999999948,-1.909499e-06
-8.369999999999479,-1.912293e-06
-8.37999999999948,-1.915638e-06
-8.389999999999482,-1.917647e-06
-8.39999999999948,-1.921022e-06
-8.409999999999478,-1.924146e-06
-8.41999999999948,-1.928802e-06
-8.429999999999481,-1.93412e-06
-8.439999999999479,-1.93548e-06
-8.449999999999477,-1.937483e-06
-8.459999999999479,-1.940565e-06
-8.46999999999948,-1.943905e-06
-8.479999999999478,-1.945953e-06
-8.489999999999476,-1.946946e-06
-8.499999999999478,-1.950674e-06
-8.50999999999948,-1.95386e-06
-8.519999999999477,-1.955769e-06
-8.529999999999475,-1.956883e-06
-8.539999999999477,-1.957333e-06
-8.549999999999478,-1.96402e-06
-8.559999999999476,-1.965017e-06
-8.569999999999474,-1.966138e-06
-8.579999999999476,-1.970281e-06
-8.589999999999478,-1.973065e-06
-8.599999999999476,-1.975065e-06
-8.609999999999474,-1.976365e-06
-8.619999999999475,-1.977741e-06
-8.629999999999477,-1.979857e-06
-8.639999999999475,-1.982581e-06
-8.649999999999473,-1.98518e-06
-8.659999999999474,-1.986988e-06
-8.669999999999476,-1.989274e-06
-8.679999999999474,-1.990777e-06
-8.689999999999472,-1.994376e-06
-8.699999999999473,-1.997125e-06
-8.709999999999475,-1.99849e-06
-8.719999999999473,-2.014232e-06
-8.729999999999471,-2.008771e-06
-8.739999999999473,-2.007014e-06
-8.749999999999474,-2.009158e-06
-8.759999999999472,-2.013647e-06
-8.76999999999947,-2.016325e-06
-8.779999999999472,-2.016986e-06
-8.789999999999473,-2.01982e-06
-8.799999999999471,-2.018985e-06
-8.80999999999947,-2.024947e-06
-8.819999999999471,-2.027617e-06
-8.829999999999472,-2.030862e-06
-8.83999999999947,-2.032408e-06
-8.849999999999469,-2.035206e-06
-8.85999999999947,-2.038674e-06
-8.869999999999472,-2.040624e-06
-8.87999999999947,-2.04227e-06
-8.889999999999468,-2.043528e-06
-8.89999999999947,-2.047527e-06
-8.90999999999947,-2.048309e-06
-8.919999999999469,-2.049411e-06
-8.929999999999467,-2.053024e-06
-8.939999999999468,-2.053565e-06
-8.94999999999947,-2.054257e-06
-8.959999999999468,-2.058751e-06
-8.969999999999466,-2.059516e-06
-8.979999999999468,-2.060922e-06
-8.989999999999469,-2.063304e-06
-8.999999999999467,-2.067394e-06
-9.009999999999465,-2.068866e-06
-9.019999999999467,-2.072291e-06
-9.029999999999468,-2.075851e-06
-9.039999999999466,-2.077707e-06
-9.049999999999464,-2.077549e-06
-9.059999999999466,-2.077986e-06
-9.069999999999467,-2.078382e-06
-9.079999999999465,-2.076219e-06
-9.089999999999463,-2.080409e-06
-9.099999999999465,-2.081991e-06
-9.109999999999467,-2.082677e-06
-9.119999999999465,-2.084933e-06
-9.129999999999463,-2.085303e-06
-9.139999999999464,-2.08575e-06
-9.149999999999466,-2.087336e-06
-9.159999999999464,-2.088064e-06
-9.169999999999462,-2.0935e-06
-9.179999999999463,-2.09423e-06
-9.189999999999465,-2.096818e-06
-9.199999999999463,-2.097481e-06
-9.20999999999946,-2.095902e-06
-9.219999999999462,-2.099958e-06
-9.229999999999464,-2.101737e-06
-9.239999999999462,-2.100933e-06
-9.24999999999946,-2.103965e-06
-9.259999999999462,-2.106292e-06
-9.269999999999463,-2.105689e-06
-9.279999999999461,-2.110191e-06
-9.28999999999946,-2.112301e-06
-9.29999999999946,-2.113363e-06
-9.309999999999462,-2.119964e-06
-9.31999999999946,-2.123714e-06
-9.329999999999458,-2.1245e-06
-9.33999999999946,-2.126351e-06
-9.349999999999461,-2.130385e-06
-9.35999999999946,-2.130221e-06
-9.369999999999457,-2.130123e-06
-9.379999999999459,-2.13298e-06
-9.38999999999946,-2.135063e-06
-9.399999999999459,-2.139082e-06
-9.409999999999457,-2.140934e-06
-9.419999999999458,-2.138131e-06
-9.42999999999946,-2.14266e-06
-9.439999999999458,-2.143714e-06
-9.449999999999456,-2.14203e-06
-9.459999999999457,-2.141565e-06
-9.469999999999459,-2.144164e-06
-9.479999999999457,-2.142721e-06
-9.489999999999455,-2.14288e-06
-9.499999999999456,-2.143128e-06
-9.509999999999458,-2.145098e-06
-9.519999999999456,-2.142922e-06
-9.529999999999454,-2.145788e-06
-9.539999999999456,-2.143885e-06
-9.549999999999457,-2.143885e-06
-9.559999999999455,-2.142393e-06
-9.569999999999453,-2.14243e-06
-9.579999999999455,-2.147219e-06
-9.589999999999456,-2.14805e-06
-9.599999999999454,-2.146948e-06
-9.609999999999452,-2.149473e-06
-9.619999999999454,-2.150289e-06
-9.629999999999455,-2.152572e-06
-9.639999999999453,-2.153502e-06
-9.649999999999451,-2.154597e-06
-9.659999999999453,-2.154927e-06
-9.669999999999455,-2.155704e-06
-9.679999999999453,-2.155101e-06
-9.68999999999945,-2.153873e-06
-9.699999999999452,-2.156945e-06
-9.709999999999454,-2.160181e-06
-9.719999999999452,-2.16347e-06
-9.72999999999945,-2.166457e-06
-9.739999999999451,-2.168654e-06
-9.749999999999453,-2.170673e-06
-9.759999999999451,-2.172533e-06
-9.769999999999449,-2.17381e-06
-9.77999999999945,-2.179262e-06
-9.789999999999452,-2.181161e-06
-9.79999999999945,-2.180333e-06
-9.809999999999448,-2.18116e-06
-9.81999999999945,-2.189915e-06
-9.829999999999451,-2.193107e-06
-9.83999999999945,-2.190263e-06
-9.849999999999447,-2.192314e-06
-9.859999999999449,-2.193349e-06
-9.86999999999945,-2.194025e-06
-9.879999999999448,-2.190636e-06
-9.889999999999446,-2.191385e-06
-9.899999999999448,-2.195171e-06
-9.90999999999945,-2.188089e-06
-9.919999999999447,-2.200212e-06
-9.929999999999445,-2.20201e-06
-9.939999999999447,-2.201364e-06
-9.949999999999449,-2.200662e-06
-9.959999999999447,-2.198253e-06
-9.969999999999445,-2.200334e-06
-9.979999999999446,-2.205219e-06
-9.989999999999448,-2.206403e-06
-9.999999999999446,-2.207676e-06
-10.009999999999444,-2.209502e-06
-10.019999999999445,-2.210672e-06
-10.029999999999447,-2.211744e-06
-10.039999999999445,-2.210306e-06
-10.049999999999443,-2.210416e-06
-10.059999999999444,-2.210237e-06
-10.069999999999446,-2.210262e-06
-10.079999999999444,-2.21043e-06
-10.089999999999442,-2.210271e-06
-10.099999999999444,-2.212979e-06
-10.109999999999445,-2.211639e-06
-10.119999999999443,-2.210951e-06
-10.129999999999441,-2.212551e-06
-10.139999999999443,-2.218522e-06
-10.149999999999444,-2.216595e-06
-10.159999999999442,-2.221415e-06
-10.16999999999944,-2.220911e-06
-10.179999999999442,-2.222803e-06
-10.189999999999444,-2.227716e-06
-10.199999999999442,-2.229404e-06
-10.20999999999944,-2.233129e-06
-10.219999999999441,-2.234934e-06
-10.229999999999443,-2.235121e-06
-10.23999999999944,-2.236568e-06
-10.249999999999439,-2.240058e-06
-10.25999999999944,-2.241828e-06
-10.269999999999442,-2.239863e-06
-10.27999999999944,-2.243998e-06
-10.289999999999438,-2.24629e-06
-10.29999999999944,-2.24707e-06
-10.309999999999441,-2.245366e-06
-10.319999999999439,-2.249114e-06
-10.329999999999437,-2.246697e-06
-10.339999999999439,-2.244474e-06
-10.34999999999944,-2.243635e-06
-10.359999999999438,-2.242469e-06
-10.369999999999436,-2.243058e-06
-10.379999999999438,-2.244725e-06
-10.38999999999944,-2.24348e-06
-10.399999999999437,-2.244532e-06
-10.409999999999435,-2.247351e-06
-10.419999999999437,-2.2479e-06
-10.429999999999438,-2.250149e-06
-10.439999999999436,-2.248565e-06
-10.449999999999434,-2.24416e-06
-10.459999999999436,-2.247709e-06
-10.469999999999438,-2.246905e-06
-10.479999999999436,-2.250803e-06
-10.489999999999434,-2.253939e-06
-10.499999999999435,-2.255695e-06
-10.509999999999437,-2.257447e-06
-10.519999999999435,-2.255179e-06
-10.529999999999433,-2.237584e-06
-10.539999999999434,-2.218748e-06
-10.549999999999436,-2.200631e-06
-10.559999999999434,-2.175772e-06
-10.569999999999432,-2.15841e-06
-10.579999999999433,-2.130127e-06
-10.589999999999435,-2.108116e-06
-10.599999999999433,-2.086807e-06
-10.609999999999431,-2.070509e-06
-10.619999999999433,-2.05191e-06
-10.629999999999434,-2.022793e-06
-10.639999999999432,-2.005123e-06
-10.64999999999943,-2.061444e-06
-10.659999999999432,-2.07664e-06
-10.669999999999433,-2.084561e-06
-10.679999999999431,-2.101356e-06
-10.68999999999943,-2.10288e-06
-10.69999999999943,-2.110364e-06
-10.709999999999432,-2.10725e-06
-10.71999999999943,-2.103451e-06
-10.729999999999428,-2.10631e-06
-10.73999999999943,-2.107453e-06
-10.749999999999432,-2.11508e-06
-10.75999999999943,-2.126299e-06
-10.769999999999428,-2.134758e-06
-10.77999999999943,-2.140672e-06
-10.78999999999943,-2.148411e-06
-10.799999999999429,-2.152392e-06
-10.809999999999427,-2.146312e-06
-10.819999999999428,-2.144804e-06
-10.82999999999943,-2.144051e-06
-10.839999999999428,-2.151857e-06
-10.849999999999426,-2.1559e-06
-10.859999999999427,-2.153596e-06
-10.869999999999429,-2.155617e-06
-10.879999999999427,-2.157306e-06
-10.889999999999425,-2.159092e-06
-10.899999999999427,-2.160311e-06
-10.909999999999428,-2.157129e-06
-10.919999999999426,-2.158146e-06
-10.929999999999424,-2.154518e-06
-10.939999999999426,-2.15293e-06
-10.949999999999427,-2.152761e-06
-10.959999999999425,-2.151156e-06
-10.969999999999423,-2.152826e-06
-10.979999999999425,-2.147595e-06
-10.989999999999426,-2.148844e-06
-10.999999999999424,-2.150579e-06
-11.009999999999422,-2.158418e-06
-11.019999999999424,-2.164545e-06
-11.029999999999426,-2.169087e-06
-11.039999999999424,-2.177462e-06
-11.049999999999422,-2.172075e-06
-11.059999999999423,-2.164489e-06
-11.069999999999425,-2.15695e-06
-11.079999999999423,-2.162191e-06
-11.08999999999942,-2.162571e-06
-11.099999999999422,-2.165862e-06
-11.109999999999424,-2.164276e-06
-11.119999999999422,-2.158884e-06
-11.12999999999942,-2.16075e-06
-11.139999999999421,-2.157701e-06
-11.149999999999423,-2.163367e-06
-11.159999999999421,-2.167132e-06
-11.169999999999419,-2.165013e-06
-11.17999999999942,-2.162565e-06
-11.189999999999422,-2.156979e-06
-11.19999999999942,-2.154214e-06
-11.209999999999418,-2.153266e-06
-11.21999999999942,-2.155774e-06
-11.229999999999421,-2.159526e-06
-11.23999999999942,-2.159854e-06
-11.249999999999417,-2.157363e-06
-11.259999999999419,-2.152901e-06
-11.26999999999942,-2.152515e-06
-11.279999999999418,-2.150777e-06
-11.289999999999417,-2.151496e-06
-11.299999999999418,-2.160201e-06
-11.30999999999942,-2.161611e-06
-11.319999999999418,-2.161891e-06
-11.329999999999416,-2.161008e-06
-11.339999999999417,-2.159966e-06
-11.349999999999419,-2.155025e-06
-11.359999999999417,-2.151696e-06
-11.369999999999415,-2.15114e-06
-11.379999999999416,-2.155309e-06
-11.389999999999418,-2.156115e-06
-11.399999999999416,-2.156978e-06
-11.409999999999414,-2.157917e-06
-11.419999999999416,-2.155939e-06
-11.429999999999417,-2.15692e-06
-11.439999999999415,-2.159124e-06
-11.449999999999413,-2.158701e-06
-11.459999999999415,-2.162315e-06
-11.469999999999416,-2.157476e-06
-11.479999999999414,-2.156046e-06
-11.489999999999412,-2.161534e-06
-11.499999999999414,-2.166594e-06
-11.509999999999415,-2.173243e-06
-11.519999999999413,-2.171041e-06
-11.529999999999411,-2.162406e-06
-11.539999999999413,-2.159825e-06
-11.549999999999415,-2.156779e-06
-11.559999999999413,-2.155998e-06
-11.56999999999941,-2.161004e-06
-11.579999999999412,-2.161581e-06
-11.589999999999414,-2.159338e-06
-11.599999999999412,-2.156022e-06
-11.60999999999941,-2.154841e-06
-11.619999999999411,-2.154804e-06
-11.629999999999413,-2.151441e-06
-11.63999999999941,-2.143477e-06
-11.649999999999409,-2.141066e-06
-11.65999999999941,-2.140535e-06
-11.669999999999412,-2.142296e-06
-11.67999999999941,-2.154209e-06
-11.689999999999408,-2.151913e-06
-11.69999999999941,-2.153872e-06
-11.709999999999411,-2.155412e-06
-11.71999999999941,-2.156961e-06
-11.729999999999407,-2.153517e-06
-11.739999999999409,-2.146485e-06
-11.74999999999941,-2.149305e-06
-11.759999999999408,-2.147284e-06
-11.769999999999406,-2.147521e-06
-11.779999999999408,-2.143923e-06
-11.78999999999941,-2.13958e-06
-11.799999999999407,-2.134306e-06
-11.809999999999405,-2.136007e-06
-11.819999999999407,-2.137213e-06
-11.829999999999409,-2.142409e-06
-11.839999999999407,-2.149398e-06
-11.849999999999405,-2.156074e-06
-11.859999999999406,-2.151032e-06
-11.869999999999408,-2.147209e-06
-11.879999999999406,-2.15291e-06
-11.889999999999404,-2.158696e-06
-11.899999999999405,-2.162282e-06
-11.909999999999407,-2.136336e-06
-11.919999999999405,-2.115979e-06
-11.929999999999403,-2.11518e-06
-11.939999999999404,-2.114991e-06
-11.949999999999406,-2.117783e-06
-11.959999999999404,-2.112152e-06
-11.969999999999402,-2.113924e-06
-11.979999999999404,-2.11368e-06
-11.989999999999405,-2.114335e-06
-11.999999999999403,-2.11177e-06
-12.009999999999401,-2.104804e-06
-12.019999999999403,-2.098378e-06
-12.029999999999404,-2.104883e-06
-12.039999999999402,-2.09959e-06
-12.0499999999994,-2.108646e-06
-12.059999999999402,-2.10848e-06
-12.069999999999403,-2.1085e-06
-12.079999999999401,-2.110251e-06
-12.0899999999994,-2.121093e-06
-12.099999999999401,-2.132397e-06
-12.109999999999403,-2.140728e-06
-12.1199999999994,-2.143501e-06
-12.129999999999399,-2.148597e-06
-12.1399999999994,-2.149611e-06
-12.149999999999402,-2.155193e-06
-12.1599999999994,-2.158328e-06
-12.169999999999398,-2.159552e-06
-12.1799999999994,-2.162161e-06
-12.1899999999994,-2.157071e-06
-12.199999999999399,-2.160544e-06
-12.209999999999397,-2.15956e-06
-12.219999999999398,-2.165259e-06
-12.2299999999994,-2.164501e-06
-12.239999999999398,-2.158107e-06
-12.249999999999396,-2.165119e-06
-12.259999999999398,-2.164066e-06
-12.2699999999994,-2.164586e-06
-12.279999999999397,-2.166076e-06
-12.289999999999395,-2.162183e-06
-12.299999999999397,-2.163273e-06
-12.309999999999398,-2.162076e-06
-12.319999999999396,-2.164901e-06
-12.329999999999394,-2.158483e-06
-12.339999999999396,-2.160833e-06
-12.349999999999397,-2.158947e-06
-12.359999999999395,-2.160997e-06
-12.369999999999393,-2.162033e-06
-12.379999999999395,-2.167753e-06
-12.389999999999397,-2.167019e-06
-12.399999999999395,-2.171326e-06
-12.409999999999393,-2.167409e-06
-12.419999999999394,-2.17067e-06
-12.429999999999396,-2.170676e-06
-12.439999999999394,-2.172221e-06
-12.449999999999392,-2.178168e-06
-12.459999999999393,-2.175395e-06
-12.469999999999395,-2.171591e-06
-12.479999999999393,-2.167986e-06
-12.489999999999391,-2.166055e-06
-12.499999999999392,-2.167162e-06
-12.509999999999394,-2.166097e-06
-12.519999999999392,-2.164465e-06
-12.52999999999939,-2.165364e-06
-12.539999999999392,-2.161467e-06
-12.549999999999393,-2.162008e-06
-12.559999999999391,-2.160047e-06
-12.56999999999939,-2.164643e-06
-12.57999999999939,-2.16166e-06
-12.589999999999392,-2.159117e-06
-12.59999999999939,-2.163413e-06
-12.609999999999388,-2.159499e-06
-12.61999999999939,-2.164031e-06
-12.629999999999391,-2.171e-06
-12.63999999999939,-2.169676e-06
-12.649999999999388,-2.169683e-06
-12.659999999999389,-2.168431e-06
-12.66999999999939,-2.165987e-06
-12.679999999999389,-2.1713e-06
-12.689999999999387,-2.170533e-06
-12.699999999999388,-2.169974e-06
-12.70999999999939,-2.164637e-06
-12.719999999999388,-2.16643e-06
-12.729999999999386,-2.158426e-06
-12.739999999999387,-2.155343e-06
-12.749999999999389,-2.154535e-06
-12.759999999999387,-2.150906e-06
-12.769999999999385,-2.154963e-06
-12.779999999999387,-2.150498e-06
-12.789999999999388,-2.148266e-06
-12.799999999999386,-2.147229e-06
-12.809999999999384,-2.150413e-06
-12.819999999999386,-2.15344e-06
-12.829999999999387,-2.150295e-06
-12.839999999999385,-2.149332e-06
-12.849999999999383,-2.14756e-06
-12.859999999999385,-2.149931e-06
-12.869999999999386,-2.152423e-06
-12.879999999999384,-2.153052e-06
-12.889999999999382,-2.159607e-06
-12.899999999999384,-2.159657e-06
-12.909999999999386,-2.162607e-06
-12.919999999999384,-2.165862e-06
-12.929999999999382,-2.163819e-06
-12.939999999999383,-2.164675e-06
-12.949999999999385,-2.165007e-06
-12.959999999999383,-2.17043e-06
-12.96999999999938,-2.167439e-06
-12.979999999999382,-2.167437e-06
-12.989999999999384,-2.169628e-06
-12.999999999999382,-2.166484e-06
-13.00999999999938,-2.16797e-06
-13.019999999999381,-2.160775e-06
-13.029999999999383,-2.163956e-06
-13.039999999999381,-2.163702e-06
-13.049999999999379,-2.169679e-06
-13.05999999999938,-2.168653e-06
-13.069999999999382,-2.167977e-06
-13.07999999999938,-2.168977e-06
-13.089999999999378,-2.169685e-06
-13.09999999999938,-2.17115e-06
-13.109999999999381,-2.170882e-06
-13.11999999999938,-2.172281e-06
-13.129999999999377,-2.173254e-06
-13.139999999999379,-2.173201e-06
-13.14999999999938,-2.169396e-06
-13.159999999999378,-2.174385e-06
-13.169999999999376,-2.171524e-06
-13.179999999999378,-2.170947e-06
-13.18999999999938,-2.170991e-06
-13.199999999999378,-2.175879e-06
-13.209999999999376,-2.178729e-06
-13.219999999999377,-2.184242e-06
-13.229999999999379,-2.183689e-06
-13.239999999999377,-2.1834e-06
-13.249999999999375,-2.180215e-06
-13.259999999999376,-2.179298e-06
-13.269999999999378,-2.179171e-06
-13.279999999999376,-2.176463e-06
-13.289999999999374,-2.169809e-06
-13.299999999999375,-2.171938e-06
-13.309999999999377,-2.171498e-06
-13.319999999999375,-2.171471e-06
-13.329999999999373,-2.174229e-06
-13.339999999999375,-2.175742e-06
-13.349999999999376,-2.17951e-06
-13.359999999999374,-2.180562e-06
-13.369999999999372,-2.180172e-06
-13.379999999999374,-2.177019e-06
-13.389999999999375,-2.174243e-06
-13.399999999999373,-2.167775e-06
-13.409999999999371,-2.165907e-06
-13.419999999999373,-2.16783e-06
-13.429999999999374,-2.169134e-06
-13.439999999999372,-2.16562e-06
-13.44999999999937,-2.170298e-06
-13.459999999999372,-2.166935e-06
-13.469999999999374,-2.166715e-06
-13.479999999999372,-2.162953e-06
-13.48999999999937,-2.169915e-06
-13.499999999999371,-2.169729e-06
-13.509999999999373,-2.175635e-06
-13.51999999999937,-2.179047e-06
-13.529999999999369,-2.181522e-06
-13.53999999999937,-2.183233e-06
-13.549999999999372,-2.188485e-06
-13.55999999999937,-2.187153e-06
-13.569999999999368,-2.183932e-06
-13.57999999999937,-2.175932e-06
-13.589999999999371,-2.181284e-06
-13.599999999999369,-2.183729e-06
-13.609999999999367,-2.180376e-06
-13.619999999999369,-2.178135e-06
-13.62999999999937,-2.170342e-06
-13.639999999999368,-2.176266e-06
-13.649999999999366,-2.173223e-06
-13.659999999999368,-2.175807e-06
-13.66999999999937,-2.179744e-06
-13.679999999999367,-2.18139e-06
-13.689999999999365,-2.177371e-06
-13.699999999999367,-2.172607e-06
-13.709999999999368,-2.175697e-06
-13.719999999999366,-2.180623e-06
-13.729999999999364,-2.179788e-06
-13.739999999999366,-2.181579e-06
-13.749999999999368,-2.187398e-06
-13.759999999999366,-2.188393e-06
-13.769999999999364,-2.18873e-06
-13.779999999999365,-2.189975e-06
-13.789999999999367,-2.19059e-06
-13.799999999999365,-2.186895e-06
-13.809999999999363,-2.199923e-06
-13.819999999999364,-2.188216e-06
-13.829999999999366,-2.184802e-06
-13.839999999999364,-2.178743e-06
-13.849999999999362,-2.169265e-06
-13.859999999999363,-2.166199e-06
-13.869999999999365,-2.168488e-06
-13.879999999999363,-2.162893e-06
-13.889999999999361,-2.163638e-06
-13.899999999999363,-2.169954e-06
-13.909999999999364,-2.167851e-06
-13.919999999999362,-2.172164e-06
-13.92999999999936,-2.169498e-06
-13.939999999999362,-2.171746e-06
-13.949999999999363,-2.170072e-06
-13.959999999999361,-2.169405e-06
-13.96999999999936,-2.167349e-06
-13.979999999999361,-2.173464e-06
-13.989999999999363,-2.173083e-06
-13.99999999999936,-2.173415e-06
-14.009999999999359,-2.174594e-06
-14.01999999999936,-2.175996e-06
-14.029999999999362,-2.176547e-06
-14.03999999999936,-2.178859e-06
-14.049999999999358,-2.179163e-06
-14.05999999999936,-2.181286e-06
-14.06999999999936,-2.182925e-06
-14.079999999999359,-2.183535e-06
-14.089999999999357,-2.186694e-06
-14.099999999999358,-2.172911e-06
-14.10999999999936,-2.17248e-06
-14.119999999999358,-2.173721e-06
-14.129999999999356,-2.177888e-06
-14.139999999999358,-2.179587e-06
-14.149999999999359,-2.174369e-06
-14.159999999999357,-2.168647e-06
-14.169999999999355,-2.16767e-06
-14.179999999999357,-2.168184e-06
-14.189999999999358,-2.167024e-06
-14.199999999999356,-2.166345e-06
-14.209999999999354,-2.167768e-06
-14.219999999999356,-2.170217e-06
-14.229999999999357,-2.17821e-06
-14.239999999999355,-2.178047e-06
-14.249999999999353,-2.175425e-06
-14.259999999999355,-2.179778e-06
-14.269999999999357,-2.183969e-06
-14.279999999999355,-2.182092e-06
-14.289999999999353,-2.189022e-06
-14.299999999999354,-2.187579e-06
-14.309999999999356,-2.187135e-06
-14.319999999999354,-2.192344e-06
-14.329999999999352,-2.192415e-06
-14.339999999999353,-2.195787e-06
-14.349999999999355,-2.202198e-06
-14.359999999999353,-2.203663e-06
-14.36999999999935,-2.205232e-06
-14.379999999999352,-2.208674e-06
-14.389999999999354,-2.209316e-06
-14.399999999999352,-2.213205e-06
-14.40999999999935,-2.211808e-06
-14.419999999999352,-2.206697e-06
-14.429999999999353,-2.209322e-06
-14.439999999999351,-2.207858e-06
-14.44999999999935,-2.209458e-06
-14.45999999999935,-2.204059e-06
-14.469999999999352,-2.207334e-06
-14.47999999999935,-2.209801e-06
-14.489999999999348,-2.212949e-06
-14.49999999999935,-2.21152e-06
-14.509999999999351,-2.20542e-06
-14.51999999999935,-2.20502e-06
-14.529999999999347,-2.206466e-06
-14.539999999999349,-2.211201e-06
-14.54999999999935,-2.225799e-06
-14.559999999999349,-2.208329e-06
-14.569999999999347,-2.200828e-06
-14.579999999999348,-2.199797e-06
-14.58999999999935,-2.206725e-06
-14.599999999999348,-2.211724e-06
-14.609999999999346,-2.208673e-06
-14.619999999999347,-2.208208e-06
-14.629999999999349,-2.210506e-06
-14.639999999999347,-2.214275e-06
-14.649999999999345,-2.216873e-06
-14.659999999999346,-2.211894e-06
-14.669999999999348,-2.213464e-06
-14.679999999999346,-2.211897e-06
-14.689999999999344,-2.211533e-06
-14.699999999999346,-2.214149e-06
-14.709999999999347,-2.224062e-06
-14.719999999999345,-2.215885e-06
-14.729999999999343,-2.213709e-06
-14.739999999999345,-2.212405e-06
-14.749999999999346,-2.211163e-06
-14.759999999999344,-2.211778e-06
-14.769999999999342,-2.213354e-06
-14.779999999999344,-2.210259e-06
-14.789999999999345,-2.219663e-06
-14.799999999999343,-2.213256e-06
-14.809999999999341,-2.205429e-06
-14.819999999999343,-2.205328e-06
-14.829999999999345,-2.222905e-06
-14.839999999999343,-2.222049e-06
-14.84999999999934,-2.219435e-06
-14.859999999999342,-2.229796e-06
-14.869999999999344,-2.218839e-06
-14.879999999999342,-2.224147e-06
-14.88999999999934,-2.219454e-06
-14.899999999999341,-2.218276e-06
-14.909999999999343,-2.216033e-06
-14.919999999999341,-2.215101e-06
-14.929999999999339,-2.219688e-06
-14.93999999999934,-2.228746e-06
-14.949999999999342,-2.220258e-06
-14.95999999999934,-2.218615e-06
-14.969999999999338,-2.226312e-06
-14.97999999999934,-2.23438e-06
-14.989999999999341,-2.237225e-06
-14.99999999999934,-2.238495e-06
-15.009999999999337,-2.233065e-06
-15.019999999999339,-2.235671e-06
-15.02999999999934,-2.231789e-06
-15.039999999999338,-2.240134e-06
-15.049999999999336,-2.247523e-06
-15.059999999999338,-2.262745e-06
-15.06999999999934,-2.271163e-06
-15.079999999999337,-2.264184e-06
-15.089999999999336,-2.303138e-06
-15.099999999999337,-2.397149e-06
-15.109999999999339,-2.451892e-06
-15.119999999999337,-1.974439e-06
-15.129999999999335,-1.995517e-06
-15.139999999999336,-2.038231e-06
-15.149999999999338,-2.075143e-06
-15.159999999999336,-2.111676e-06
-15.169999999999334,-2.257975e-06
-15.179999999999335,-2.286366e-06
-15.189999999999337,-2.289037e-06
-15.199999999999335,-2.295619e-06
-15.209999999999333,-2.312223e-06
-15.219999999999335,-2.321379e-06
-15.229999999999336,-2.314445e-06
-15.239999999999334,-2.335273e-06
-15.249999999999332,-2.339038e-06
-15.259999999999334,-2.345248e-06
-15.269999999999335,-2.363628e-06
-15.279999999999333,-2.382596e-06
-15.289999999999331,-2.400511e-06
-15.299999999999333,-2.407173e-06
-15.309999999999334,-2.395788e-06
-15.319999999999332,-2.38777e-06
-15.32999999999933,-2.379897e-06
-15.339999999999332,-2.36412e-06
-15.349999999999334,-2.361847e-06
-15.359999999999332,-2.367436e-06
-15.36999999999933,-2.361806e-06
-15.379999999999331,-2.356752e-06
-15.389999999999333,-2.34445e-06
-15.39999999999933,-2.345365e-06
-15.409999999999329,-2.34141e-06
-15.41999999999933,-2.338885e-06
-15.429999999999332,-2.342689e-06
-15.43999999999933,-2.34256e-06
-15.449999999999328,-2.337892e-06
-15.45999999999933,-2.339119e-06
-15.469999999999331,-2.332103e-06
-15.479999999999329,-2.32911e-06
-15.489999999999327,-2.326742e-06
-15.499999999999329,-2.32687e-06
-15.50999999999933,-2.324298e-06
-15.519999999999328,-2.328258e-06
-15.529999999999326,-2.323506e-06
-15.539999999999328,-2.309816e-06
-15.54999999999933,-2.308715e-06
-15.559999999999327,-2.295624e-06
-15.569999999999325,-2.299978e-06
-15.579999999999327,-2.299359e-06
-15.589999999999328,-2.289465e-06
-15.599999999999326,-2.295179e-06
-15.609999999999324,-2.292079e-06
-15.619999999999326,-2.296041e-06
-15.629999999999328,-2.301641e-06
-15.639999999999326,-2.300804e-06
-15.649999999999324,-2.303159e-06
-15.659999999999325,-2.301788e-06
-15.669999999999327,-2.30742e-06
-15.679999999999325,-2.306159e-06
-15.689999999999323,-2.302181e-06
-15.699999999999324,-2.298436e-06
-15.709999999999326,-2.303377e-06
-15.719999999999324,-2.292175e-06
-15.729999999999322,-2.292259e-06
-15.739999999999323,-2.292461e-06
-15.749999999999325,-2.290044e-06
-15.759999999999323,-2.291494e-06
-15.769999999999321,-2.290852e-06
-15.779999999999323,-2.288175e-06
-15.789999999999324,-2.282628e-06
-15.799999999999322,-2.28845e-06
-15.80999999999932,-2.28635e-06
-15.819999999999322,-2.289772e-06
-15.829999999999323,-2.289813e-06
-15.839999999999321,-2.290888e-06
-15.84999999999932,-2.286769e-06
-15.85999999999932,-2.294766e-06
-15.869999999999322,-2.289593e-06
-15.87999999999932,-2.290935e-06
-15.889999999999318,-2.285773e-06
-15.89999999999932,-2.288814e-06
-15.909999999999322,-2.28962e-06
-15.91999999999932,-2.287833e-06
-15.929999999999318,-2.286706e-06
-15.93999999999932,-2.286346e-06
-15.94999999999932,-2.284276e-06
-15.959999999999319,-2.288122e-06
-15.969999999999317,-2.286176e-06
-15.979999999999318,-2.288281e-06
-15.98999999999932,-2.283295e-06
-15.999999999999318,-2.289139e-06
-16.009999999999316,-2.289434e-06
-16.0,-2.288794e-06
-15.99,-2.285616e-06
-15.98,-2.276938e-06
-15.97,-2.273996e-06
-15.96,-2.272776e-06
-15.950000000000001,-2.269687e-06
-15.940000000000001,-2.265962e-06
-15.930000000000001,-2.264942e-06
-15.920000000000002,-2.254344e-06
-15.910000000000002,-2.252895e-06
-15.900000000000002,-2.250219e-06
-15.890000000000002,-2.250278e-06
-15.880000000000003,-2.249985e-06
-15.870000000000003,-2.2545e-06
-15.860000000000003,-2.249418e-06
-15.850000000000003,-2.254567e-06
-15.840000000000003,-2.250396e-06
-15.830000000000004,-2.243063e-06
-15.820000000000004,-2.240457e-06
-15.810000000000004,-2.237172e-06
-15.800000000000004,-2.234106e-06
-15.790000000000004,-2.24151e-06
-15.780000000000005,-2.237593e-06
-15.770000000000005,-2.237769e-06
-15.760000000000005,-2.240099e-06
-15.750000000000005,-2.235022e-06
-15.740000000000006,-2.224654e-06
-15.730000000000006,-2.229968e-06
-15.720000000000006,-2.231145e-06
-15.710000000000006,-2.22711e-06
-15.700000000000006,-2.225077e-06
-15.690000000000007,-2.223112e-06
-15.680000000000007,-2.214955e-06
-15.670000000000007,-2.207195e-06
-15.660000000000007,-2.205842e-06
-15.650000000000007,-2.205819e-06
-15.640000000000008,-2.212236e-06
-15.630000000000008,-2.205532e-06
-15.620000000000008,-2.196071e-06
-15.610000000000008,-2.197791e-06
-15.600000000000009,-2.198884e-06
-15.590000000000009,-2.198796e-06
-15.580000000000009,-2.199792e-06
-15.57000000000001,-2.200921e-06
-15.56000000000001,-2.201534e-06
-15.55000000000001,-2.203516e-06
-15.54000000000001,-2.201855e-06
-15.53000000000001,-2.19728e-06
-15.52000000000001,-2.205304e-06
-15.51000000000001,-2.206775e-06
-15.50000000000001,-2.206473e-06
-15.49000000000001,-2.207799e-06
-15.480000000000011,-2.205602e-06
-15.470000000000011,-2.19649e-06
-15.460000000000012,-2.192952e-06
-15.450000000000012,-2.185798e-06
-15.440000000000012,-2.181967e-06
-15.430000000000012,-2.179093e-06
-15.420000000000012,-2.178129e-06
-15.410000000000013,-2.172533e-06
-15.400000000000013,-2.167119e-06
-15.390000000000013,-2.165656e-06
-15.380000000000013,-2.163961e-06
-15.370000000000013,-2.163024e-06
-15.360000000000014,-2.161745e-06
-15.350000000000014,-2.163571e-06
-15.340000000000014,-2.166205e-06
-15.330000000000014,-2.163835e-06
-15.320000000000014,-2.161804e-06
-15.310000000000015,-2.159888e-06
-15.300000000000015,-2.15367e-06
-15.290000000000015,-2.157061e-06
-15.280000000000015,-2.15774e-06
-15.270000000000016,-2.155604e-06
-15.260000000000016,-2.149894e-06
-15.250000000000016,-2.14786e-06
-15.240000000000016,-2.143641e-06
-15.230000000000016,-2.14223e-06
-15.220000000000017,-2.133064e-06
-15.210000000000017,-2.133469e-06
-15.200000000000017,-2.136921e-06
-15.190000000000017,-2.134347e-06
-15.180000000000017,-2.130572e-06
-15.170000000000018,-2.12919e-06
-15.160000000000018,-2.124133e-06
-15.150000000000018,-2.121212e-06
-15.140000000000018,-2.115632e-06
-15.130000000000019,-2.117137e-06
-15.120000000000019,-2.113433e-06
-15.110000000000019,-2.113553e-06
-15.10000000000002,-2.111527e-06
-15.09000000000002,-2.115022e-06
-15.08000000000002,-2.117653e-06
-15.07000000000002,-2.11237e-06
-15.06000000000002,-2.113739e-06
-15.05000000000002,-2.111883e-06
-15.04000000000002,-2.116203e-06
-15.03000000000002,-2.114831e-06
-15.020000000000021,-2.115864e-06
-15.010000000000021,-2.115605e-06
-15.000000000000021,-2.108994e-06
-14.990000000000022,-2.112225e-06
-14.980000000000022,-2.107097e-06
-14.970000000000022,-2.10496e-06
-14.960000000000022,-2.105556e-06
-14.950000000000022,-2.095533e-06
-14.940000000000023,-2.091518e-06
-14.930000000000023,-2.087283e-06
-14.920000000000023,-2.092507e-06
-14.910000000000023,-2.084439e-06
-14.900000000000023,-2.088218e-06
-14.890000000000024,-2.089714e-06
-14.880000000000024,-2.087746e-06
-14.870000000000024,-2.091856e-06
-14.860000000000024,-2.094386e-06
-14.850000000000025,-2.083309e-06
-14.840000000000025,-2.082694e-06
-14.830000000000025,-2.080499e-06
-14.820000000000025,-2.083843e-06
-14.810000000000025,-2.082984e-06
-14.800000000000026,-2.081659e-06
-14.790000000000026,-2.081355e-06
-14.780000000000026,-2.082342e-06
-14.770000000000026,-2.085338e-06
-14.760000000000026,-2.086756e-06
-14.750000000000027,-2.081403e-06
-14.740000000000027,-2.079311e-06
-14.730000000000027,-2.073434e-06
-14.720000000000027,-2.069604e-06
-14.710000000000027,-2.071008e-06
-14.700000000000028,-2.065567e-06
-14.690000000000028,-2.06303e-06
-14.680000000000028,-2.056259e-06
-14.670000000000028,-2.057984e-06
-14.660000000000029,-2.054832e-06
-14.650000000000029,-2.053217e-06
-14.640000000000029,-2.05416e-06
-14.63000000000003,-2.051402e-06
-14.62000000000003,-2.052617e-06
-14.61000000000003,-2.059768e-06
-14.60000000000003,-2.059227e-06
-14.59000000000003,-2.060806e-06
-14.58000000000003,-2.06202e-06
-14.57000000000003,-2.057412e-06
-14.56000000000003,-2.055577e-06
-14.550000000000031,-2.052867e-06
-14.540000000000031,-2.049214e-06
-14.530000000000031,-2.045222e-06
-14.520000000000032,-2.046283e-06
-14.510000000000032,-2.043512e-06
-14.500000000000032,-2.041702e-06
-14.490000000000032,-2.044814e-06
-14.480000000000032,-2.049246e-06
-14.470000000000033,-2.040161e-06
-14.460000000000033,-2.040686e-06
-14.450000000000033,-2.041488e-06
-14.440000000000033,-2.038457e-06
-14.430000000000033,-2.038938e-06
-14.420000000000034,-2.039515e-06
-14.410000000000034,-2.035446e-06
-14.400000000000034,-2.034355e-06
-14.390000000000034,-2.033813e-06
-14.380000000000035,-2.037064e-06
-14.370000000000035,-2.041398e-06
-14.360000000000035,-2.039539e-06
-14.350000000000035,-2.037183e-06
-14.340000000000035,-2.033567e-06
-14.330000000000036,-2.032624e-06
-14.320000000000036,-2.031852e-06
-14.310000000000036,-2.030646e-06
-14.300000000000036,-2.029886e-06
-14.290000000000036,-2.028622e-06
-14.280000000000037,-2.030223e-06
-14.270000000000037,-2.029316e-06
-14.260000000000037,-2.029492e-06
-14.250000000000037,-2.032155e-06
-14.240000000000038,-2.03287e-06
-14.230000000000038,-2.033745e-06
-14.220000000000038,-2.033191e-06
-14.210000000000038,-2.027607e-06
-14.200000000000038,-2.019173e-06
-14.190000000000039,-2.020868e-06
-14.180000000000039,-2.025027e-06
-14.170000000000039,-2.020626e-06
-14.16000000000004,-2.018818e-06
-14.15000000000004,-2.014667e-06
-14.14000000000004,-2.00981e-06
-14.13000000000004,-2.014774e-06
-14.12000000000004,-2.006683e-06
-14.11000000000004,-2.005391e-06
-14.10000000000004,-2.001983e-06
-14.09000000000004,-2.00648e-06
-14.080000000000041,-2.007352e-06
-14.070000000000041,-2.005968e-06
-14.060000000000041,-2.00014e-06
-14.050000000000042,-2.003177e-06
-14.040000000000042,-2.002372e-06
-14.030000000000042,-1.99691e-06
-14.020000000000042,-1.995366e-06
-14.010000000000042,-1.991889e-06
-14.000000000000043,-1.9911e-06
-13.990000000000043,-1.98787e-06
-13.980000000000043,-1.9896e-06
-13.970000000000043,-1.988545e-06
-13.960000000000043,-1.988778e-06
-13.950000000000044,-1.984046e-06
-13.940000000000044,-1.989384e-06
-13.930000000000044,-1.982055e-06
-13.920000000000044,-1.978441e-06
-13.910000000000045,-1.978842e-06
-13.900000000000045,-1.977683e-06
-13.890000000000045,-1.975746e-06
-13.880000000000045,-1.970722e-06
-13.870000000000045,-1.968509e-06
-13.860000000000046,-1.966497e-06
-13.850000000000046,-1.965934e-06
-13.840000000000046,-1.960937e-06
-13.830000000000046,-1.965644e-06
-13.820000000000046,-1.965793e-06
-13.810000000000047,-1.963789e-06
-13.800000000000047,-1.965587e-06
-13.790000000000047,-1.959923e-06
-13.780000000000047,-1.95469e-06
-13.770000000000048,-1.953177e-06
-13.760000000000048,-1.950676e-06
-13.750000000000048,-1.952437e-06
-13.740000000000048,-1.951372e-06
-13.730000000000048,-1.954089e-06
-13.720000000000049,-1.951579e-06
-13.710000000000049,-1.948598e-06
-13.700000000000049,-1.947308e-06
-13.69000000000005,-1.945489e-06
-13.68000000000005,-1.943758e-06
-13.67000000000005,-1.941473e-06
-13.66000000000005,-1.937188e-06
-13.65000000000005,-1.938493e-06
-13.64000000000005,-1.934167e-06
-13.63000000000005,-1.937476e-06
-13.62000000000005,-1.938831e-06
-13.610000000000051,-1.935873e-06
-13.600000000000051,-1.935267e-06
-13.590000000000051,-1.930133e-06
-13.580000000000052,-1.927039e-06
-13.570000000000052,-1.92908e-06
-13.560000000000052,-1.926487e-06
-13.550000000000052,-1.925855e-06
-13.540000000000052,-1.927267e-06
-13.530000000000053,-1.926894e-06
-13.520000000000053,-1.923039e-06
-13.510000000000053,-1.92276e-06
-13.500000000000053,-1.928241e-06
-13.490000000000054,-1.921866e-06
-13.480000000000054,-1.929621e-06
-13.470000000000054,-1.927648e-06
-13.460000000000054,-1.92995e-06
-13.450000000000054,-1.93236e-06
-13.440000000000055,-1.928272e-06
-13.430000000000055,-1.925732e-06
-13.420000000000055,-1.930505e-06
-13.410000000000055,-1.930903e-06
-13.400000000000055,-1.931694e-06
-13.390000000000056,-1.932996e-06
-13.380000000000056,-1.929774e-06
-13.370000000000056,-1.929299e-06
-13.360000000000056,-1.932657e-06
-13.350000000000056,-1.930004e-06
-13.340000000000057,-1.936223e-06
-13.330000000000057,-1.935489e-06
-13.320000000000057,-1.931927e-06
-13.310000000000057,-1.931533e-06
-13.300000000000058,-1.930542e-06
-13.290000000000058,-1.929749e-06
-13.280000000000058,-1.927962e-06
-13.270000000000058,-1.92822e-06
-13.260000000000058,-1.921749e-06
-13.250000000000059,-1.918907e-06
-13.240000000000059,-1.917555e-06
-13.230000000000059,-1.913035e-06
-13.22000000000006,-1.910862e-06
-13.21000000000006,-1.912663e-06
-13.20000000000006,-1.913856e-06
-13.19000000000006,-1.908893e-06
-13.18000000000006,-1.912716e-06
-13.17000000000006,-1.913849e-06
-13.16000000000006,-1.90944e-06
-13.15000000000006,-1.911419e-06
-13.140000000000061,-1.908122e-06
-13.130000000000061,-1.900827e-06
-13.120000000000061,-1.901146e-06
-13.110000000000062,-1.899042e-06
-13.100000000000062,-1.897587e-06
-13.090000000000062,-1.897916e-06
-13.080000000000062,-1.899923e-06
-13.070000000000062,-1.898343e-06
-13.060000000000063,-1.897549e-06
-13.050000000000063,-1.898458e-06
-13.040000000000063,-1.894617e-06
-13.030000000000063,-1.895377e-06
-13.020000000000064,-1.89363e-06
-13.010000000000064,-1.893104e-06
-13.000000000000064,-1.890151e-06
-12.990000000000064,-1.88623e-06
-12.980000000000064,-1.884601e-06
-12.970000000000065,-1.888369e-06
-12.960000000000065,-1.884458e-06
-12.950000000000065,-1.880662e-06
-12.940000000000065,-1.878324e-06
-12.930000000000065,-1.879973e-06
-12.920000000000066,-1.879858e-06
-12.910000000000066,-1.878749e-06
-12.900000000000066,-1.877647e-06
-12.890000000000066,-1.874213e-06
-12.880000000000067,-1.874392e-06
-12.870000000000067,-1.875153e-06
-12.860000000000067,-1.871707e-06
-12.850000000000067,-1.872378e-06
-12.840000000000067,-1.867274e-06
-12.830000000000068,-1.867028e-06
-12.820000000000068,-1.861337e-06
-12.810000000000068,-1.864287e-06
-12.800000000000068,-1.858122e-06
-12.790000000000068,-1.856242e-06
-12.780000000000069,-1.860803e-06
-12.770000000000069,-1.860229e-06
-12.760000000000069,-1.857034e-06
-12.75000000000007,-1.858881e-06
-12.74000000000007,-1.856664e-06
-12.73000000000007,-1.859174e-06
-12.72000000000007,-1.854316e-06
-12.71000000000007,-1.856193e-06
-12.70000000000007,-1.856205e-06
-12.69000000000007,-1.853894e-06
-12.68000000000007,-1.85599e-06
-12.670000000000071,-1.844704e-06
-12.660000000000071,-1.833073e-06
-12.650000000000071,-1.838016e-06
-12.640000000000072,-1.843487e-06
-12.630000000000072,-1.843396e-06
-12.620000000000072,-1.842306e-06
-12.610000000000072,-1.848921e-06
-12.600000000000072,-1.850797e-06
-12.590000000000073,-1.850532e-06
-12.580000000000073,-1.846684e-06
-12.570000000000073,-1.84607e-06
-12.560000000000073,-1.846221e-06
-12.550000000000074,-1.852305e-06
-12.540000000000074,-1.85353e-06
-12.530000000000074,-1.854609e-06
-12.520000000000074,-1.856184e-06
-12.510000000000074,-1.852411e-06
-12.500000000000075,-1.853389e-06
-12.490000000000075,-1.849684e-06
-12.480000000000075,-1.849491e-06
-12.470000000000075,-1.84873e-06
-12.460000000000075,-1.849479e-06
-12.450000000000076,-1.847606e-06
-12.440000000000076,-1.849383e-06
-12.430000000000076,-1.840992e-06
-12.420000000000076,-1.841714e-06
-12.410000000000077,-1.837386e-06
-12.400000000000077,-1.837304e-06
-12.390000000000077,-1.835367e-06
-12.380000000000077,-1.835563e-06
-12.370000000000077,-1.835432e-06
-12.360000000000078,-1.835839e-06
-12.350000000000078,-1.830732e-06
-12.340000000000078,-1.836474e-06
-12.330000000000078,-1.83326e-06
-12.320000000000078,-1.834741e-06
-12.310000000000079,-1.83266e-06
-12.300000000000079,-1.832054e-06
-12.290000000000079,-1.830579e-06
-12.28000000000008,-1.831741e-06
-12.27000000000008,-1.827952e-06
-12.26000000000008,-1.828094e-06
-12.25000000000008,-1.82846e-06
-12.24000000000008,-1.823319e-06
-12.23000000000008,-1.824602e-06
-12.22000000000008,-1.819559e-06
-12.21000000000008,-1.815767e-06
-12.200000000000081,-1.814783e-06
-12.190000000000081,-1.820294e-06
-12.180000000000081,-1.81606e-06
-12.170000000000082,-1.813752e-06
-12.160000000000082,-1.809819e-06
-12.150000000000082,-1.810452e-06
-12.140000000000082,-1.810121e-06
-12.130000000000082,-1.810123e-06
-12.120000000000083,-1.810104e-06
-12.110000000000083,-1.819782e-06
-12.100000000000083,-1.818718e-06
-12.090000000000083,-1.813554e-06
-12.080000000000084,-1.821451e-06
-12.070000000000084,-1.829333e-06
-12.060000000000084,-1.825968e-06
-12.050000000000084,-1.827455e-06
-12.040000000000084,-1.823649e-06
-12.030000000000085,-1.824324e-06
-12.020000000000085,-1.819767e-06
-12.010000000000085,-1.813063e-06
-12.000000000000085,-1.807017e-06
-11.990000000000085,-1.797451e-06
-11.980000000000086,-1.795608e-06
-11.970000000000086,-1.787924e-06
-11.960000000000086,-1.790387e-06
-11.950000000000086,-1.786683e-06
-11.940000000000087,-1.784865e-06
-11.930000000000087,-1.783087e-06
-11.920000000000087,-1.782497e-06
-11.910000000000087,-1.780248e-06
-11.900000000000087,-1.778107e-06
-11.890000000000088,-1.772443e-06
-11.880000000000088,-1.778045e-06
-11.870000000000088,-1.781042e-06
-11.860000000000088,-1.786848e-06
-11.850000000000088,-1.794932e-06
-11.840000000000089,-1.792577e-06
-11.830000000000089,-1.790193e-06
-11.820000000000089,-1.79055e-06
-11.81000000000009,-1.785694e-06
-11.80000000000009,-1.783577e-06
-11.79000000000009,-1.774672e-06
-11.78000000000009,-1.768947e-06
-11.77000000000009,-1.767282e-06
-11.76000000000009,-1.764956e-06
-11.75000000000009,-1.760685e-06
-11.74000000000009,-1.75668e-06
-11.730000000000091,-1.756533e-06
-11.720000000000091,-1.755534e-06
-11.710000000000091,-1.754187e-06
-11.700000000000092,-1.754438e-06
-11.690000000000092,-1.749893e-06
-11.680000000000092,-1.752362e-06
-11.670000000000092,-1.749707e-06
-11.660000000000093,-1.749145e-06
-11.650000000000093,-1.748479e-06
-11.640000000000093,-1.747089e-06
-11.630000000000093,-1.745859e-06
-11.620000000000093,-1.745425e-06
-11.610000000000094,-1.742073e-06
-11.600000000000094,-1.735908e-06
-11.590000000000094,-1.737067e-06
-11.580000000000094,-1.738084e-06
-11.570000000000094,-1.736609e-06
-11.560000000000095,-1.732481e-06
-11.550000000000095,-1.735899e-06
-11.540000000000095,-1.732583e-06
-11.530000000000095,-1.729921e-06
-11.520000000000095,-1.737118e-06
-11.510000000000096,-1.737325e-06
-11.500000000000096,-1.739166e-06
-11.490000000000096,-1.734896e-06
-11.480000000000096,-1.728442e-06
-11.470000000000097,-1.721609e-06
-11.460000000000097,-1.721063e-06
-11.450000000000097,-1.717872e-06
-11.440000000000097,-1.716316e-06
-11.430000000000097,-1.716621e-06
-11.420000000000098,-1.713608e-06
-11.410000000000098,-1.711824e-06
-11.400000000000098,-1.71444e-06
-11.390000000000098,-1.711921e-06
-11.380000000000098,-1.711561e-06
-11.370000000000099,-1.709369e-06
-11.360000000000099,-1.706666e-06
-11.3500000000001,-1.702094e-06
-11.3400000000001,-1.702242e-06
-11.3300000000001,-1.700091e-06
-11.3200000000001,-1.698769e-06
-11.3100000000001,-1.696426e-06
-11.3000000000001,-1.696748e-06
-11.2900000000001,-1.694253e-06
-11.2800000000001,-1.693229e-06
-11.2700000000001,-1.68946e-06
-11.260000000000101,-1.693107e-06
-11.250000000000101,-1.691521e-06
-11.240000000000101,-1.689005e-06
-11.230000000000102,-1.68521e-06
-11.220000000000102,-1.687446e-06
-11.210000000000102,-1.679221e-06
-11.200000000000102,-1.678123e-06
-11.190000000000103,-1.673853e-06
-11.180000000000103,-1.66858e-06
-11.170000000000103,-1.667632e-06
-11.160000000000103,-1.668245e-06
-11.150000000000103,-1.667251e-06
-11.140000000000104,-1.669239e-06
-11.130000000000104,-1.665809e-06
-11.120000000000104,-1.660514e-06
-11.110000000000104,-1.663529e-06
-11.100000000000104,-1.659706e-06
-11.090000000000105,-1.656906e-06
-11.080000000000105,-1.657033e-06
-11.070000000000105,-1.653642e-06
-11.060000000000105,-1.65457e-06
-11.050000000000106,-1.652778e-06
-11.040000000000106,-1.652379e-06
-11.030000000000106,-1.647894e-06
-11.020000000000106,-1.647038e-06
-11.010000000000106,-1.644963e-06
-11.000000000000107,-1.640349e-06
-10.990000000000107,-1.640182e-06
-10.980000000000107,-1.639725e-06
-10.970000000000107,-1.639908e-06
-10.960000000000107,-1.635429e-06
-10.950000000000108,-1.632799e-06
-10.940000000000108,-1.630673e-06
-10.930000000000108,-1.630689e-06
-10.920000000000108,-1.629333e-06
-10.910000000000108,-1.630036e-06
-10.900000000000109,-1.627845e-06
-10.890000000000109,-1.628964e-06
-10.88000000000011,-1.623749e-06
-10.87000000000011,-1.623524e-06
-10.86000000000011,-1.623419e-06
-10.85000000000011,-1.622592e-06
-10.84000000000011,-1.622912e-06
-10.83000000000011,-1.625454e-06
-10.82000000000011,-1.624571e-06
-10.81000000000011,-1.624039e-06
-10.80000000000011,-1.624874e-06
-10.790000000000111,-1.627759e-06
-10.780000000000111,-1.624525e-06
-10.770000000000111,-1.624611e-06
-10.760000000000112,-1.622964e-06
-10.750000000000112,-1.620918e-06
-10.740000000000112,-1.619849e-06
-10.730000000000112,-1.618159e-06
-10.720000000000113,-1.61882e-06
-10.710000000000113,-1.615788e-06
-10.700000000000113,-1.618473e-06
-10.690000000000113,-1.615744e-06
-10.680000000000113,-1.61319e-06
-10.670000000000114,-1.613009e-06
-10.660000000000114,-1.61257e-06
-10.650000000000114,-1.609484e-06
-10.640000000000114,-1.6097e-06
-10.630000000000114,-1.614244e-06
-10.620000000000115,-1.614218e-06
-10.610000000000115,-1.613921e-06
-10.600000000000115,-1.611427e-06
-10.590000000000115,-1.61495e-06
-10.580000000000116,-1.613115e-06
-10.570000000000116,-1.611645e-06
-10.560000000000116,-1.613969e-06
-10.550000000000116,-1.61048e-06
-10.540000000000116,-1.609927e-06
-10.530000000000117,-1.605807e-06
-10.520000000000117,-1.605323e-06
-10.510000000000117,-1.600519e-06
-10.500000000000117,-1.598421e-06
-10.490000000000117,-1.596495e-06
-10.480000000000118,-1.594625e-06
-10.470000000000118,-1.587967e-06
-10.460000000000118,-1.586956e-06
-10.450000000000118,-1.585041e-06
-10.440000000000119,-1.582146e-06
-10.430000000000119,-1.586908e-06
-10.420000000000119,-1.585151e-06
-10.41000000000012,-1.583718e-06
-10.40000000000012,-1.583926e-06
-10.39000000000012,-1.582598e-06
-10.38000000000012,-1.580951e-06
-10.37000000000012,-1.583724e-06
-10.36000000000012,-1.578219e-06
-10.35000000000012,-1.577293e-06
-10.34000000000012,-1.577023e-06
-10.33000000000012,-1.574473e-06
-10.320000000000121,-1.573239e-06
-10.310000000000121,-1.575406e-06
-10.300000000000122,-1.575305e-06
-10.290000000000122,-1.57234e-06
-10.280000000000122,-1.569529e-06
-10.270000000000122,-1.567618e-06
-10.260000000000122,-1.56749e-06
-10.250000000000123,-1.565576e-06
-10.240000000000123,-1.564238e-06
-10.230000000000123,-1.564563e-06
-10.220000000000123,-1.56109e-06
-10.210000000000123,-1.572019e-06
-10.200000000000124,-1.564728e-06
-10.190000000000124,-1.561784e-06
-10.180000000000124,-1.566387e-06
-10.170000000000124,-1.564275e-06
-10.160000000000124,-1.562709e-06
-10.150000000000125,-1.567797e-06
-10.140000000000125,-1.56731e-06
-10.130000000000125,-1.567024e-06
-10.120000000000125,-1.563612e-06
-10.110000000000126,-1.55509e-06
-10.100000000000126,-1.556266e-06
-10.090000000000126,-1.553439e-06
-10.080000000000126,-1.551274e-06
-10.070000000000126,-1.549766e-06
-10.060000000000127,-1.54882e-06
-10.050000000000127,-1.544636e-06
-10.040000000000127,-1.543307e-06
-10.030000000000127,-1.539694e-06
-10.020000000000127,-1.539741e-06
-10.010000000000128,-1.539066e-06
-10.000000000000128,-1.533906e-06
-9.990000000000128,-1.534584e-06
-9.980000000000128,-1.532361e-06
-9.970000000000129,-1.53389e-06
-9.960000000000129,-1.528473e-06
-9.950000000000129,-1.526457e-06
-9.94000000000013,-1.526197e-06
-9.93000000000013,-1.526623e-06
-9.92000000000013,-1.524696e-06
-9.91000000000013,-1.518625e-06
-9.90000000000013,-1.518078e-06
-9.89000000000013,-1.518538e-06
-9.88000000000013,-1.515647e-06
-9.87000000000013,-1.510348e-06
-9.86000000000013,-1.50908e-06
-9.850000000000131,-1.502505e-06
-9.840000000000131,-1.50493e-06
-9.830000000000132,-1.500804e-06
-9.820000000000132,-1.493404e-06
-9.810000000000132,-1.499926e-06
-9.800000000000132,-1.503099e-06
-9.790000000000132,-1.500422e-06
-9.780000000000133,-1.499184e-06
-9.770000000000133,-1.497577e-06
-9.760000000000133,-1.493901e-06
-9.750000000000133,-1.492005e-06
-9.740000000000133,-1.491892e-06
-9.730000000000134,-1.491169e-06
-9.720000000000134,-1.4897e-06
-9.710000000000134,-1.487323e-06
-9.700000000000134,-1.489173e-06
-9.690000000000135,-1.490666e-06
-9.680000000000135,-1.487013e-06
-9.670000000000135,-1.482667e-06
-9.660000000000135,-1.478707e-06
-9.650000000000135,-1.484366e-06
-9.640000000000136,-1.482534e-06
-9.630000000000136,-1.485491e-06
-9.620000000000136,-1.479261e-06
-9.610000000000136,-1.472243e-06
-9.600000000000136,-1.471318e-06
-9.590000000000137,-1.472685e-06
-9.580000000000137,-1.471191e-06
-9.570000000000137,-1.465187e-06
-9.560000000000137,-1.463795e-06
-9.550000000000137,-1.464895e-06
-9.540000000000138,-1.46463e-06
-9.530000000000138,-1.467082e-06
-9.520000000000138,-1.459242e-06
-9.510000000000138,-1.461791e-06
-9.500000000000139,-1.459666e-06
-9.490000000000139,-1.457996e-06
-9.480000000000139,-1.454387e-06
-9.47000000000014,-1.453915e-06
-9.46000000000014,-1.452915e-06
-9.45000000000014,-1.44967e-06
-9.44000000000014,-1.449638e-06
-9.43000000000014,-1.448704e-06
-9.42000000000014,-1.451491e-06
-9.41000000000014,-1.444954e-06
-9.40000000000014,-1.44632e-06
-9.390000000000141,-1.44858e-06
-9.380000000000141,-1.437606e-06
-9.370000000000141,-1.444397e-06
-9.360000000000142,-1.444476e-06
-9.350000000000142,-1.443416e-06
-9.340000000000142,-1.440127e-06
-9.330000000000142,-1.437715e-06
-9.320000000000142,-1.435476e-06
-9.310000000000143,-1.436251e-06
-9.300000000000143,-1.435842e-06
-9.290000000000143,-1.432947e-06
-9.280000000000143,-1.437363e-06
-9.270000000000143,-1.436719e-06
-9.260000000000144,-1.436046e-06
-9.250000000000144,-1.431697e-06
-9.240000000000144,-1.43029e-06
-9.230000000000144,-1.434441e-06
-9.220000000000145,-1.432839e-06
-9.210000000000145,-1.431091e-06
-9.200000000000145,-1.426738e-06
-9.190000000000145,-1.428618e-06
-9.180000000000145,-1.42673e-06
-9.170000000000146,-1.424801e-06
-9.160000000000146,-1.427115e-06
-9.150000000000146,-1.426293e-06
-9.140000000000146,-1.425819e-06
-9.130000000000146,-1.425587e-06
-9.120000000000147,-1.425972e-06
-9.110000000000147,-1.424912e-06
-9.100000000000147,-1.42338e-06
-9.090000000000147,-1.421121e-06
-9.080000000000148,-1.420518e-06
-9.070000000000148,-1.416799e-06
-9.060000000000148,-1.416015e-06
-9.050000000000148,-1.414834e-06
-9.040000000000148,-1.412301e-06
-9.030000000000149,-1.411459e-06
-9.020000000000149,-1.411265e-06
-9.010000000000149,-1.410971e-06
-9.00000000000015,-1.408665e-06
-8.99000000000015,-1.405811e-06
-8.98000000000015,-1.401689e-06
-8.97000000000015,-1.398921e-06
-8.96000000000015,-1.399966e-06
-8.95000000000015,-1.399007e-06
-8.94000000000015,-1.399354e-06
-8.93000000000015,-1.396821e-06
-8.920000000000151,-1.393995e-06
-8.910000000000151,-1.393494e-06
-8.900000000000151,-1.394022e-06
-8.890000000000152,-1.390971e-06
-8.880000000000152,-1.39442e-06
-8.870000000000152,-1.389394e-06
-8.860000000000152,-1.393659e-06
-8.850000000000152,-1.38836e-06
-8.840000000000153,-1.389428e-06
-8.830000000000153,-1.389285e-06
-8.820000000000153,-1.386461e-06
-8.810000000000153,-1.382803e-06
-8.800000000000153,-1.388157e-06
-8.790000000000154,-1.383405e-06
-8.780000000000154,-1.385868e-06
-8.770000000000154,-1.389329e-06
-8.760000000000154,-1.385202e-06
-8.750000000000155,-1.382108e-06
-8.740000000000155,-1.376353e-06
-8.730000000000155,-1.37847e-06
-8.720000000000155,-1.382642e-06
-8.710000000000155,-1.376718e-06
-8.700000000000156,-1.372211e-06
-8.690000000000156,-1.378385e-06
-8.680000000000156,-1.388545e-06
-8.670000000000156,-1.37851e-06
-8.660000000000156,-1.375746e-06
-8.650000000000157,-1.377786e-06
-8.640000000000157,-1.376335e-06
-8.630000000000157,-1.381279e-06
-8.620000000000157,-1.382998e-06
-8.610000000000158,-1.381561e-06
-8.600000000000158,-1.381494e-06
-8.590000000000158,-1.378904e-06
-8.580000000000158,-1.375933e-06
-8.570000000000158,-1.372475e-06
-8.560000000000159,-1.370965e-06
-8.550000000000159,-1.365362e-06
-8.540000000000159,-1.368309e-06
-8.53000000000016,-1.370393e-06
-8.52000000000016,-1.366817e-06
-8.51000000000016,-1.366134e-06
-8.50000000000016,-1.364112e-06
-8.49000000000016,-1.362167e-06
-8.48000000000016,-1.356461e-06
-8.47000000000016,-1.356334e-06
-8.46000000000016,-1.353362e-06
-8.450000000000161,-1.356076e-06
-8.440000000000161,-1.347501e-06
-8.430000000000161,-1.349039e-06
-8.420000000000162,-1.352888e-06
-8.410000000000162,-1.352516e-06
-8.400000000000162,-1.347834e-06
-8.390000000000162,-1.345512e-06
-8.380000000000162,-1.342883e-06
-8.370000000000163,-1.341946e-06
-8.360000000000163,-1.34472e-06
-8.350000000000163,-1.339627e-06
-8.340000000000163,-1.336372e-06
-8.330000000000163,-1.33436e-06
-8.320000000000164,-1.335567e-06
-8.310000000000164,-1.332447e-06
-8.300000000000164,-1.333483e-06
-8.290000000000164,-1.334229e-06
-8.280000000000165,-1.328079e-06
-8.270000000000165,-1.33028e-06
-8.260000000000165,-1.325638e-06
-8.250000000000165,-1.326129e-06
-8.240000000000165,-1.323641e-06
-8.230000000000166,-1.322392e-06
-8.220000000000166,-1.320219e-06
-8.210000000000166,-1.320759e-06
-8.200000000000166,-1.319352e-06
-8.190000000000166,-1.319173e-06
-8.180000000000167,-1.319296e-06
-8.170000000000167,-1.3165e-06
-8.160000000000167,-1.314918e-06
-8.150000000000167,-1.312496e-06
-8.140000000000168,-1.310497e-06
-8.130000000000168,-1.308863e-06
-8.120000000000168,-1.308686e-06
-8.110000000000168,-1.308948e-06
-8.100000000000168,-1.30528e-06
-8.090000000000169,-1.308284e-06
-8.080000000000169,-1.303936e-06
-8.070000000000169,-1.307405e-06
-8.06000000000017,-1.305265e-06
-8.05000000000017,-1.303449e-06
-8.04000000000017,-1.301239e-06
-8.03000000000017,-1.301573e-06
-8.02000000000017,-1.30179e-06
-8.01000000000017,-1.300261e-06
-8.00000000000017,-1.300408e-06
-7.990000000000171,-1.294851e-06
-7.980000000000171,-1.294934e-06
-7.970000000000171,-1.293669e-06
-7.960000000000171,-1.290224e-06
-7.950000000000172,-1.28685e-06
-7.940000000000172,-1.285995e-06
-7.930000000000172,-1.28903e-06
-7.920000000000172,-1.29124e-06
-7.9100000000001724,-1.288998e-06
-7.900000000000173,-1.286384e-06
-7.890000000000173,-1.289246e-06
-7.880000000000173,-1.280367e-06
-7.870000000000173,-1.281247e-06
-7.8600000000001735,-1.278806e-06
-7.850000000000174,-1.281315e-06
-7.840000000000174,-1.285097e-06
-7.830000000000174,-1.282611e-06
-7.820000000000174,-1.281123e-06
-7.810000000000175,-1.276485e-06
-7.800000000000175,-1.2752e-06
-7.790000000000175,-1.27503e-06
-7.780000000000175,-1.275429e-06
-7.770000000000175,-1.27472e-06
-7.760000000000176,-1.27394e-06
-7.750000000000176,-1.275398e-06
-7.740000000000176,-1.269538e-06
-7.730000000000176,-1.268232e-06
-7.7200000000001765,-1.266955e-06
-7.710000000000177,-1.266709e-06
-7.700000000000177,-1.266777e-06
-7.690000000000177,-1.264017e-06
-7.680000000000177,-1.261459e-06
-7.670000000000178,-1.259415e-06
-7.660000000000178,-1.257426e-06
-7.650000000000178,-1.25859e-06
-7.640000000000178,-1.254965e-06
-7.630000000000178,-1.258153e-06
-7.620000000000179,-1.262218e-06
-7.610000000000179,-1.257771e-06
-7.600000000000179,-1.253585e-06
-7.590000000000179,-1.250891e-06
-7.5800000000001795,-1.250524e-06
-7.57000000000018,-1.249902e-06
-7.56000000000018,-1.246965e-06
-7.55000000000018,-1.246074e-06
-7.54000000000018,-1.244978e-06
-7.5300000000001805,-1.243655e-06
-7.520000000000181,-1.243338e-06
-7.510000000000181,-1.247453e-06
-7.500000000000181,-1.24186e-06
-7.490000000000181,-1.24007e-06
-7.480000000000182,-1.237665e-06
-7.470000000000182,-1.235587e-06
-7.460000000000182,-1.238282e-06
-7.450000000000182,-1.235019e-06
-7.4400000000001825,-1.235537e-06
-7.430000000000183,-1.236874e-06
-7.420000000000183,-1.235519e-06
-7.410000000000183,-1.236484e-06
-7.400000000000183,-1.241354e-06
-7.3900000000001835,-1.238334e-06
-7.380000000000184,-1.23635e-06
-7.370000000000184,-1.236712e-06
-7.360000000000184,-1.232736e-06
-7.350000000000184,-1.233369e-06
-7.340000000000185,-1.228859e-06
-7.330000000000185,-1.229519e-06
-7.320000000000185,-1.228559e-06
-7.310000000000185,-1.227925e-06
-7.3000000000001855,-1.224855e-06
-7.290000000000186,-1.228903e-06
-7.280000000000186,-1.222709e-06
-7.270000000000186,-1.218381e-06
-7.260000000000186,-1.221002e-06
-7.2500000000001865,-1.220375e-06
-7.240000000000187,-1.222231e-06
-7.230000000000187,-1.219283e-06
-7.220000000000187,-1.218699e-06
-7.210000000000187,-1.217643e-06
-7.200000000000188,-1.215201e-06
-7.190000000000188,-1.212377e-06
-7.180000000000188,-1.207334e-06
-7.170000000000188,-1.208284e-06
-7.160000000000188,-1.211697e-06
-7.150000000000189,-1.208157e-06
-7.140000000000189,-1.209633e-06
-7.130000000000189,-1.211149e-06
-7.120000000000189,-1.206514e-06
-7.1100000000001895,-1.203424e-06
-7.10000000000019,-1.203426e-06
-7.09000000000019,-1.203093e-06
-7.08000000000019,-1.202665e-06
-7.07000000000019,-1.198883e-06
-7.060000000000191,-1.200035e-06
-7.050000000000191,-1.198858e-06
-7.040000000000191,-1.196835e-06
-7.030000000000191,-1.195829e-06
-7.020000000000191,-1.194864e-06
-7.010000000000192,-1.194022e-06
-7.000000000000192,-1.192888e-06
-6.990000000000192,-1.194231e-06
-6.980000000000192,-1.195657e-06
-6.9700000000001925,-1.191052e-06
-6.960000000000193,-1.190763e-06
-6.950000000000193,-1.188729e-06
-6.940000000000193,-1.188306e-06
-6.930000000000193,-1.186658e-06
-6.9200000000001936,-1.184449e-06
-6.910000000000194,-1.183095e-06
-6.900000000000194,-1.184022e-06
-6.890000000000194,-1.180911e-06
-6.880000000000194,-1.181062e-06
-6.870000000000195,-1.180472e-06
-6.860000000000195,-1.178633e-06
-6.850000000000195,-1.184668e-06
-6.840000000000195,-1.185189e-06
-6.8300000000001955,-1.181742e-06
-6.820000000000196,-1.179906e-06
-6.810000000000196,-1.172419e-06
-6.800000000000196,-1.175214e-06
-6.790000000000196,-1.174765e-06
-6.7800000000001965,-1.172524e-06
-6.770000000000197,-1.170867e-06
-6.760000000000197,-1.174122e-06
-6.750000000000197,-1.174887e-06
-6.740000000000197,-1.175709e-06
-6.730000000000198,-1.167454e-06
-6.720000000000198,-1.166e-06
-6.710000000000198,-1.164224e-06
-6.700000000000198,-1.166455e-06
-6.6900000000001985,-1.157911e-06
-6.680000000000199,-1.163336e-06
-6.670000000000199,-1.160043e-06
-6.660000000000199,-1.162334e-06
-6.650000000000199,-1.161286e-06
-6.6400000000001995,-1.159853e-06
-6.6300000000002,-1.15317e-06
-6.6200000000002,-1.154197e-06
-6.6100000000002,-1.151906e-06
-6.6000000000002,-1.155988e-06
-6.590000000000201,-1.15369e-06
-6.580000000000201,-1.149482e-06
-6.570000000000201,-1.146308e-06
-6.560000000000201,-1.147119e-06
-6.550000000000201,-1.147874e-06
-6.540000000000202,-1.148853e-06
-6.530000000000202,-1.152647e-06
-6.520000000000202,-1.143634e-06
-6.510000000000202,-1.138583e-06
-6.5000000000002025,-1.142933e-06
-6.490000000000203,-1.138459e-06
-6.480000000000203,-1.141034e-06
-6.470000000000203,-1.14304e-06
-6.460000000000203,-1.150019e-06
-6.450000000000204,-1.146315e-06
-6.440000000000204,-1.141004e-06
-6.430000000000204,-1.144246e-06
-6.420000000000204,-1.14352e-06
-6.410000000000204,-1.14021e-06
-6.400000000000205,-1.133952e-06
-6.390000000000205,-1.131592e-06
-6.380000000000205,-1.129528e-06
-6.370000000000205,-1.125496e-06
-6.3600000000002055,-1.123446e-06
-6.350000000000206,-1.126945e-06
-6.340000000000206,-1.124577e-06
-6.330000000000206,-1.127578e-06
-6.320000000000206,-1.125131e-06
-6.3100000000002066,-1.119968e-06
-6.300000000000207,-1.118209e-06
-6.290000000000207,-1.118525e-06
-6.280000000000207,-1.118368e-06
-6.270000000000207,-1.117377e-06
-6.260000000000208,-1.114848e-06
-6.250000000000208,-1.110763e-06
-6.240000000000208,-1.111259e-06
-6.230000000000208,-1.112205e-06
-6.2200000000002085,-1.110168e-06
-6.210000000000209,-1.109211e-06
-6.200000000000209,-1.109069e-06
-6.190000000000209,-1.106973e-06
-6.180000000000209,-1.107424e-06
-6.1700000000002095,-1.114935e-06
-6.16000000000021,-1.11141e-06
-6.15000000000021,-1.110743e-06
-6.14000000000021,-1.10818e-06
-6.13000000000021,-1.104002e-06
-6.120000000000211,-1.102196e-06
-6.110000000000211,-1.102104e-06
-6.100000000000211,-1.102129e-06
-6.090000000000211,-1.100574e-06
-6.0800000000002115,-1.097539e-06
-6.070000000000212,-1.095474e-06
-6.060000000000212,-1.093192e-06
-6.050000000000212,-1.091806e-06
-6.040000000000212,-1.090948e-06
-6.0300000000002125,-1.088303e-06
-6.020000000000213,-1.087895e-06
-6.010000000000213,-1.090533e-06
-6.000000000000213,-1.088529e-06
-5.990000000000213,-1.085802e-06
-5.980000000000214,-1.083297e-06
-5.970000000000214,-1.081187e-06
-5.960000000000214,-1.080045e-06
-5.950000000000214,-1.077176e-06
-5.940000000000214,-1.078275e-06
-5.930000000000215,-1.078431e-06
-5.920000000000215,-1.076997e-06
-5.910000000000215,-1.07561e-06
-5.900000000000215,-1.073142e-06
-5.8900000000002155,-1.073824e-06
-5.880000000000216,-1.069791e-06
-5.870000000000216,-1.068478e-06
-5.860000000000216,-1.071929e-06
-5.850000000000216,-1.071025e-06
-5.840000000000217,-1.067353e-06
-5.830000000000217,-1.061405e-06
-5.820000000000217,-1.059504e-06
-5.810000000000217,-1.059734e-06
-5.800000000000217,-1.058819e-06
-5.790000000000218,-1.057209e-06
-5.780000000000218,-1.054739e-06
-5.770000000000218,-1.051372e-06
-5.760000000000218,-1.05364e-06
-5.7500000000002185,-1.054211e-06
-5.740000000000219,-1.054099e-06
-5.730000000000219,-1.049983e-06
-5.720000000000219,-1.047901e-06
-5.710000000000219,-1.046994e-06
-5.70000000000022,-1.041827e-06
-5.69000000000022,-1.040076e-06
-5.68000000000022,-1.04363e-06
-5.67000000000022,-1.042063e-06
-5.66000000000022,-1.043136e-06
-5.650000000000221,-1.036999e-06
-5.640000000000221,-1.035324e-06
-5.630000000000221,-1.036587e-06
-5.620000000000221,-1.038798e-06
-5.6100000000002215,-1.036656e-06
-5.600000000000222,-1.036409e-06
-5.590000000000222,-1.036629e-06
-5.580000000000222,-1.034096e-06
-5.570000000000222,-1.032514e-06
-5.5600000000002225,-1.0276e-06
-5.550000000000223,-1.026462e-06
-5.540000000000223,-1.024829e-06
-5.530000000000223,-1.024363e-06
-5.520000000000223,-1.024356e-06
-5.510000000000224,-1.021461e-06
-5.500000000000224,-1.022657e-06
-5.490000000000224,-1.022707e-06
-5.480000000000224,-1.021712e-06
-5.4700000000002245,-1.021704e-06
-5.460000000000225,-1.019782e-06
-5.450000000000225,-1.019501e-06
-5.440000000000225,-1.016009e-06
-5.430000000000225,-1.013682e-06
-5.4200000000002255,-1.010921e-06
-5.410000000000226,-1.010244e-06
-5.400000000000226,-1.005703e-06
-5.390000000000226,-1.003339e-06
-5.380000000000226,-1.004996e-06
-5.370000000000227,-1.003113e-06
-5.360000000000227,-1.000195e-06
-5.350000000000227,-9.610478e-07
-5.340000000000227,-9.675438e-07
-5.3300000000002274,-1.005845e-06
-5.320000000000228,-1.004712e-06
-5.310000000000228,-1.003592e-06
-5.300000000000228,-1.002111e-06
-5.290000000000228,-9.63005e-07
-5.2800000000002285,-1.002153e-06
-5.270000000000229,-9.601315e-07
-5.260000000000229,-9.669665e-07
-5.250000000000229,-1.001164e-06
-5.240000000000229,-9.586412e-07
-5.23000000000023,-9.9354e-07
-5.22000000000023,-9.980795e-07
-5.21000000000023,-9.992732e-07
-5.20000000000023,-9.613527e-07
-5.19000000000023,-9.666875e-07
-5.180000000000231,-9.980818e-07
-5.170000000000231,-9.937162e-07
-5.160000000000231,-9.939607e-07
-5.150000000000231,-9.587716e-07
-5.1400000000002315,-9.626262e-07
-5.130000000000232,-9.93361e-07
-5.120000000000232,-9.844917e-07
-5.110000000000232,-9.551001e-07
-5.100000000000232,-9.571444e-07
-5.090000000000233,-9.870479e-07
-5.080000000000233,-9.564011e-07
-5.070000000000233,-9.592831e-07
-5.060000000000233,-9.816487e-07
-5.050000000000233,-9.518695e-07
-5.040000000000234,-9.751028e-07
-5.030000000000234,-9.514632e-07
-5.020000000000234,-9.749892e-07
-5.010000000000234,-9.494747e-07
-5.0000000000002345,-9.524238e-07
-4.990000000000235,-9.759704e-07
-4.980000000000235,-9.487952e-07
-4.970000000000235,-9.684169e-07
-4.960000000000235,-9.449274e-07
-4.9500000000002355,-9.663802e-07
-4.940000000000236,-9.418582e-07
-4.930000000000236,-9.432845e-07
-4.920000000000236,-9.595872e-07
-4.910000000000236,-9.400452e-07
-4.900000000000237,-9.601855e-07
-4.890000000000237,-9.412734e-07
-4.880000000000237,-9.420293e-07
-4.870000000000237,-9.536898e-07
-4.8600000000002375,-9.368048e-07
-4.850000000000238,-9.501653e-07
-4.840000000000238,-9.332879e-07
-4.830000000000238,-9.449287e-07
-4.820000000000238,-9.344544e-07
-4.8100000000002385,-9.47113e-07
-4.800000000000239,-9.302194e-07
-4.790000000000239,-9.312421e-07
-4.780000000000239,-9.440269e-07
-4.770000000000239,-9.30081e-07
-4.76000000000024,-9.384208e-07
-4.75000000000024,-9.276978e-07
-4.74000000000024,-9.356962e-07
-4.73000000000024,-9.23543e-07
-4.7200000000002404,-9.261615e-07
-4.710000000000241,-9.279146e-07
-4.700000000000241,-9.212858e-07
-4.690000000000241,-9.290635e-07
-4.680000000000241,-9.23362e-07
-4.6700000000002415,-9.257845e-07
-4.660000000000242,-9.159033e-07
-4.650000000000242,-9.183976e-07
-4.640000000000242,-9.188446e-07
-4.630000000000242,-9.19808e-07
-4.620000000000243,-9.172346e-07
-4.610000000000243,-9.120889e-07
-4.600000000000243,-9.105961e-07
-4.590000000000243,-9.078808e-07
-4.580000000000243,-9.049951e-07
-4.570000000000244,-9.025327e-07
-4.560000000000244,-9.051748e-07
-4.550000000000244,-9.006158e-07
-4.540000000000244,-9.004268e-07
-4.5300000000002445,-8.994284e-07
-4.520000000000245,-8.975512e-07
-4.510000000000245,-8.961517e-07
-4.500000000000245,-8.937628e-07
-4.490000000000245,-8.932381e-07
-4.480000000000246,-8.951902e-07
-4.470000000000246,-8.951592e-07
-4.460000000000246,-8.929637e-07
-4.450000000000246,-8.88546e-07
-4.440000000000246,-8.878029e-07
-4.430000000000247,-8.861961e-07
-4.420000000000247,-8.85327e-07
-4.410000000000247,-8.873636e-07
-4.400000000000247,-8.879626e-07
-4.3900000000002475,-8.825842e-07
-4.380000000000248,-8.822894e-07
-4.370000000000248,-8.783783e-07
-4.360000000000248,-8.784186e-07
-4.350000000000248,-8.778365e-07
-4.3400000000002485,-8.772256e-07
-4.330000000000249,-8.781828e-07
-4.320000000000249,-8.789899e-07
-4.310000000000249,-8.751082e-07
-4.300000000000249,-8.744982e-07
-4.29000000000025,-8.720879e-07
-4.28000000000025,-8.762158e-07
-4.27000000000025,-8.776539e-07
-4.26000000000025,-8.753462e-07
-4.2500000000002505,-8.74413e-07
-4.240000000000251,-8.73676e-07
-4.230000000000251,-8.713719e-07
-4.220000000000251,-8.682464e-07
-4.210000000000251,-8.65303e-07
-4.2000000000002515,-8.64496e-07
-4.190000000000252,-8.624189e-07
-4.180000000000252,-8.622485e-07
-4.170000000000252,-8.618672e-07
-4.160000000000252,-8.591745e-07
-4.150000000000253,-8.593587e-07
-4.140000000000253,-8.571952e-07
-4.130000000000253,-8.546193e-07
-4.120000000000253,-8.503537e-07
-4.1100000000002535,-8.496311e-07
-4.100000000000254,-8.485862e-07
-4.090000000000254,-8.506129e-07
-4.080000000000254,-8.460395e-07
-4.070000000000254,-8.471426e-07
-4.0600000000002545,-8.458026e-07
-4.050000000000255,-8.395521e-07
-4.040000000000255,-8.417979e-07
-4.030000000000255,-8.40922e-07
-4.020000000000255,-8.383965e-07
-4.010000000000256,-8.365637e-07
-4.000000000000256,-8.357239e-07
-3.990000000000256,-8.340405e-07
-3.980000000000256,-8.313672e-07
-3.9700000000002564,-8.305331e-07
-3.9600000000002566,-8.285014e-07
-3.950000000000257,-8.25927e-07
-3.940000000000257,-8.233803e-07
-3.9300000000002573,-8.215029e-07
-3.9200000000002575,-8.197424e-07
-3.9100000000002577,-8.193634e-07
-3.900000000000258,-8.1717e-07
-3.890000000000258,-8.171735e-07
-3.8800000000002584,-8.15789e-07
-3.8700000000002586,-8.147667e-07
-3.860000000000259,-8.125814e-07
-3.850000000000259,-8.132336e-07
-3.840000000000259,-8.151023e-07
-3.8300000000002594,-8.123421e-07
-3.8200000000002596,-8.105176e-07
-3.81000000000026,-8.085304e-07
-3.80000000000026,-8.082688e-07
-3.7900000000002603,-8.062285e-07
-3.7800000000002605,-8.058802e-07
-3.7700000000002607,-8.053494e-07
-3.760000000000261,-8.027909e-07
-3.750000000000261,-7.982887e-07
-3.7400000000002613,-7.9665e-07
-3.7300000000002616,-7.941945e-07
-3.7200000000002618,-7.921539e-07
-3.710000000000262,-7.899588e-07
-3.700000000000262,-7.932442e-07
-3.6900000000002624,-7.916005e-07
-3.6800000000002626,-7.896741e-07
-3.670000000000263,-7.869875e-07
-3.660000000000263,-7.882391e-07
-3.6500000000002633,-7.859393e-07
-3.6400000000002635,-7.816524e-07
-3.6300000000002637,-7.78804e-07
-3.620000000000264,-7.777417e-07
-3.610000000000264,-7.765707e-07
-3.6000000000002643,-7.755672e-07
-3.5900000000002645,-7.7402e-07
-3.5800000000002647,-7.731129e-07
-3.570000000000265,-7.71092e-07
-3.560000000000265,-7.697365e-07
-3.5500000000002654,-7.701594e-07
-3.5400000000002656,-7.687736e-07
-3.530000000000266,-7.6752e-07
-3.520000000000266,-7.663473e-07
-3.5100000000002662,-7.641545e-07
-3.5000000000002665,-7.624448e-07
-3.4900000000002667,-7.607255e-07
-3.480000000000267,-7.591268e-07
-3.470000000000267,-7.573904e-07
-3.4600000000002673,-7.566561e-07
-3.4500000000002675,-7.54652e-07
-3.4400000000002677,-7.530855e-07
-3.430000000000268,-7.511535e-07
-3.420000000000268,-7.515486e-07
-3.4100000000002684,-7.495748e-07
-3.4000000000002686,-7.474264e-07
-3.390000000000269,-7.482993e-07
-3.380000000000269,-7.449991e-07
-3.3700000000002692,-7.455706e-07
-3.3600000000002694,-7.449632e-07
-3.3500000000002697,-7.435258e-07
-3.34000000000027,-7.459061e-07
-3.33000000000027,-7.459592e-07
-3.3200000000002703,-7.438346e-07
-3.3100000000002705,-7.423153e-07
-3.3000000000002707,-7.405395e-07
-3.290000000000271,-7.397246e-07
-3.280000000000271,-7.376302e-07
-3.2700000000002714,-7.355215e-07
-3.2600000000002716,-7.338861e-07
-3.250000000000272,-7.314515e-07
-3.240000000000272,-7.292853e-07
-3.230000000000272,-7.271659e-07
-3.2200000000002724,-7.256745e-07
-3.2100000000002726,-7.235607e-07
-3.200000000000273,-7.230855e-07
-3.190000000000273,-7.209483e-07
-3.1800000000002733,-7.178689e-07
-3.1700000000002735,-7.171882e-07
-3.1600000000002737,-7.143254e-07
-3.150000000000274,-7.129089e-07
-3.140000000000274,-7.106018e-07
-3.1300000000002743,-7.086726e-07
-3.1200000000002746,-7.082197e-07
-3.1100000000002748,-7.060988e-07
-3.100000000000275,-7.046766e-07
-3.090000000000275,-7.042506e-07
-3.0800000000002754,-7.022088e-07
-3.0700000000002756,-6.997288e-07
-3.060000000000276,-6.973744e-07
-3.050000000000276,-6.948775e-07
-3.0400000000002763,-6.91865e-07
-3.0300000000002765,-6.898933e-07
-3.0200000000002767,-6.880146e-07
-3.010000000000277,-6.864799e-07
-3.000000000000277,-6.836304e-07
-2.9900000000002773,-6.814822e-07
-2.9800000000002775,-6.791178e-07
-2.9700000000002778,-6.775833e-07
-2.960000000000278,-6.755642e-07
-2.950000000000278,-6.734514e-07
-2.9400000000002784,-6.711967e-07
-2.9300000000002786,-6.709354e-07
-2.920000000000279,-6.696256e-07
-2.910000000000279,-6.665547e-07
-2.9000000000002792,-6.647438e-07
-2.8900000000002795,-6.636104e-07
-2.8800000000002797,-6.610196e-07
-2.87000000000028,-6.585344e-07
-2.86000000000028,-6.569487e-07
-2.8500000000002803,-6.549377e-07
-2.8400000000002805,-6.5276e-07
-2.8300000000002807,-6.515313e-07
-2.820000000000281,-6.491593e-07
-2.810000000000281,-6.477038e-07
-2.8000000000002814,-6.448915e-07
-2.7900000000002816,-6.432773e-07
-2.780000000000282,-6.41137e-07
-2.770000000000282,-6.399467e-07
-2.7600000000002822,-6.372512e-07
-2.7500000000002824,-6.369345e-07
-2.7400000000002827,-6.356542e-07
-2.730000000000283,-6.326749e-07
-2.720000000000283,-6.308932e-07
-2.7100000000002833,-6.283876e-07
-2.7000000000002835,-6.270928e-07
-2.6900000000002837,-6.263638e-07
-2.680000000000284,-6.243367e-07
-2.670000000000284,-6.229975e-07
-2.6600000000002844,-6.211438e-07
-2.6500000000002846,-6.18454e-07
-2.640000000000285,-6.164332e-07
-2.630000000000285,-6.141438e-07
-2.620000000000285,-6.123088e-07
-2.6100000000002854,-6.104447e-07
-2.6000000000002856,-6.081358e-07
-2.590000000000286,-6.063913e-07
-2.580000000000286,-6.038516e-07
-2.5700000000002863,-6.019969e-07
-2.5600000000002865,-6.006848e-07
-2.5500000000002867,-5.978246e-07
-2.540000000000287,-5.959126e-07
-2.530000000000287,-5.936477e-07
-2.5200000000002873,-5.913827e-07
-2.5100000000002876,-5.891623e-07
-2.5000000000002878,-5.867793e-07
-2.490000000000288,-5.848306e-07
-2.480000000000288,-5.832914e-07
-2.4700000000002884,-5.806798e-07
-2.4600000000002886,-5.786471e-07
-2.450000000000289,-5.765036e-07
-2.440000000000289,-5.750206e-07
-2.4300000000002893,-5.732627e-07
-2.4200000000002895,-5.711538e-07
-2.4100000000002897,-5.685554e-07
-2.40000000000029,-5.653199e-07
-2.39000000000029,-5.638866e-07
-2.3800000000002903,-5.613699e-07
-2.3700000000002905,-5.593294e-07
-2.3600000000002908,-5.572829e-07
-2.350000000000291,-5.547294e-07
-2.340000000000291,-5.526841e-07
-2.3300000000002914,-5.501142e-07
-2.3200000000002916,-5.479807e-07
-2.310000000000292,-5.456606e-07
-2.300000000000292,-5.432735e-07
-2.2900000000002922,-5.415254e-07
-2.2800000000002925,-5.393537e-07
-2.2700000000002927,-5.37072e-07
-2.260000000000293,-5.344731e-07
-2.250000000000293,-5.325375e-07
-2.2400000000002933,-5.304602e-07
-2.2300000000002935,-5.282961e-07
-2.2200000000002937,-5.259207e-07
-2.210000000000294,-5.23973e-07
-2.200000000000294,-5.211713e-07
-2.1900000000002944,-5.184549e-07
-2.1800000000002946,-5.16472e-07
-2.170000000000295,-5.141492e-07
-2.160000000000295,-5.123447e-07
-2.1500000000002952,-5.098819e-07
-2.1400000000002954,-5.072414e-07
-2.1300000000002957,-5.060328e-07
-2.120000000000296,-5.033509e-07
-2.110000000000296,-5.013226e-07
-2.1000000000002963,-4.989624e-07
-2.0900000000002965,-4.962252e-07
-2.0800000000002967,-4.932779e-07
-2.070000000000297,-4.915036e-07
-2.060000000000297,-4.889936e-07
-2.0500000000002974,-4.86021e-07
-2.0400000000002976,-4.835571e-07
-2.030000000000298,-4.816806e-07
-2.020000000000298,-4.787374e-07
-2.010000000000298,-4.765722e-07
-2.0000000000002984,-4.743248e-07
-1.9900000000002986,-4.713511e-07
-1.9800000000002989,-4.689285e-07
-1.970000000000299,-4.662087e-07
-1.9600000000002993,-4.637459e-07
-1.9500000000002995,-4.609365e-07
-1.9400000000002997,-4.584367e-07
-1.9300000000003,-4.558222e-07
-1.9200000000003001,-4.536405e-07
-1.9100000000003003,-4.506836e-07
-1.9000000000003006,-4.485962e-07
-1.8900000000003008,-4.45598e-07
-1.880000000000301,-4.434526e-07
-1.8700000000003012,-4.410394e-07
-1.8600000000003014,-4.388805e-07
-1.8500000000003016,-4.364747e-07
-1.8400000000003018,-4.341123e-07
-1.830000000000302,-4.319419e-07
-1.8200000000003023,-4.294325e-07
-1.8100000000003025,-4.266471e-07
-1.8000000000003027,-4.242584e-07
-1.790000000000303,-4.213269e-07
-1.7800000000003031,-4.194725e-07
-1.7700000000003033,-4.169229e-07
-1.7600000000003035,-4.146298e-07
-1.7500000000003038,-4.125082e-07
-1.740000000000304,-4.098807e-07
-1.7300000000003042,-4.069539e-07
-1.7200000000003044,-4.044044e-07
-1.7100000000003046,-4.013401e-07
-1.7000000000003048,-3.99291e-07
-1.690000000000305,-3.964332e-07
-1.6800000000003052,-3.941361e-07
-1.6700000000003055,-3.913173e-07
-1.6600000000003057,-3.887437e-07
-1.6500000000003059,-3.863214e-07
-1.640000000000306,-3.837366e-07
-1.6300000000003063,-3.811895e-07
-1.6200000000003065,-3.773785e-07
-1.6100000000003067,-3.754453e-07
-1.600000000000307,-3.720861e-07
-1.5900000000003072,-3.69395e-07
-1.5800000000003074,-3.665875e-07
-1.5700000000003076,-3.639752e-07
-1.5600000000003078,-3.607326e-07
-1.550000000000308,-3.580544e-07
-1.5400000000003082,-3.552102e-07
-1.5300000000003084,-3.523228e-07
-1.5200000000003087,-3.493037e-07
-1.5100000000003089,-3.460501e-07
-1.500000000000309,-3.429869e-07
-1.4900000000003093,-3.401903e-07
-1.4800000000003095,-3.375909e-07
-1.4700000000003097,-3.346656e-07
-1.46000000000031,-3.316553e-07
-1.4500000000003102,-3.28992e-07
-1.4400000000003104,-3.25781e-07
-1.4300000000003106,-3.227435e-07
-1.4200000000003108,-3.201124e-07
-1.410000000000311,-3.171581e-07
-1.4000000000003112,-3.139979e-07
-1.3900000000003114,-3.114248e-07
-1.3800000000003116,-3.081512e-07
-1.3700000000003119,-3.053531e-07
-1.360000000000312,-3.025913e-07
-1.3500000000003123,-2.995087e-07
-1.3400000000003125,-2.96392e-07
-1.3300000000003127,-2.937325e-07
-1.320000000000313,-2.905549e-07
-1.3100000000003131,-2.875988e-07
-1.3000000000003133,-2.845609e-07
-1.2900000000003136,-2.818415e-07
-1.2800000000003138,-2.789485e-07
-1.270000000000314,-2.758611e-07
-1.2600000000003142,-2.728275e-07
-1.2500000000003144,-2.699638e-07
-1.2400000000003146,-2.670131e-07
-1.2300000000003148,-2.641467e-07
-1.220000000000315,-2.611507e-07
-1.2100000000003153,-2.580605e-07
-1.2000000000003155,-2.551187e-07
-1.1900000000003157,-2.52183e-07
-1.180000000000316,-2.492287e-07
-1.1700000000003161,-2.463712e-07
-1.1600000000003163,-2.43525e-07
-1.1500000000003165,-2.40611e-07
-1.1400000000003168,-2.378721e-07
-1.130000000000317,-2.351746e-07
-1.1200000000003172,-2.31735e-07
-1.1100000000003174,-2.289445e-07
-1.1000000000003176,-2.259997e-07
-1.0900000000003178,-2.227953e-07
-1.080000000000318,-2.197784e-07
-1.0700000000003183,-2.167435e-07
-1.0600000000003185,-2.141896e-07
-1.0500000000003187,-2.11359e-07
-1.040000000000319,-2.083845e-07
-1.030000000000319,-2.0559e-07
-1.0200000000003193,-2.02673e-07
-1.0100000000003195,-1.996795e-07
-1.0000000000003197,-1.967369e-07
-0.99000000000032,-1.936965e-07
-0.9800000000003202,-1.911272e-07
-0.9700000000003204,-1.878808e-07
-0.9600000000003206,-1.851867e-07
-0.9500000000003208,-1.824857e-07
-0.940000000000321,-1.797102e-07
-0.9300000000003212,-1.766499e-07
-0.9200000000003214,-1.738997e-07
-0.9100000000003217,-1.711832e-07
-0.9000000000003219,-1.68308e-07
-0.8900000000003221,-1.654708e-07
-0.8800000000003223,-1.62856e-07
-0.8700000000003225,-1.601485e-07
-0.8600000000003227,-1.5729e-07
-0.8500000000003229,-1.545759e-07
-0.8400000000003232,-1.515507e-07
-0.8300000000003234,-1.485938e-07
-0.8200000000003236,-1.460257e-07
-0.8100000000003238,-1.432964e-07
-0.800000000000324,-1.404256e-07
-0.7900000000003242,-1.376971e-07
-0.7800000000003244,-1.349136e-07
-0.7700000000003246,-1.323261e-07
-0.7600000000003249,-1.297449e-07
-0.7500000000003251,-1.270125e-07
-0.7400000000003253,-1.246733e-07
-0.7300000000003255,-1.219716e-07
-0.7200000000003257,-1.194434e-07
-0.7100000000003259,-1.172037e-07
-0.7000000000003261,-1.146144e-07
-0.6900000000003264,-1.121366e-07
-0.6800000000003266,-1.093952e-07
-0.6700000000003268,-1.070156e-07
-0.660000000000327,-1.047855e-07
-0.6500000000003272,-1.021476e-07
-0.6400000000003274,-9.977197e-08
-0.6300000000003276,-9.722388e-08
-0.6200000000003278,-9.460992e-08
-0.6100000000003281,-9.213888e-08
-0.6000000000003283,-8.985104e-08
-0.5900000000003285,-8.744686e-08
-0.5800000000003287,-8.51492e-08
-0.5700000000003289,-8.31181e-08
-0.5600000000003291,-8.089226e-08
-0.5500000000003293,-7.841873e-08
-0.5400000000003295,-7.646994e-08
-0.5300000000003298,-7.441472e-08
-0.52000000000033,-7.206659e-08
-0.5100000000003302,-6.988405e-08
-0.5000000000003304,-6.814916e-08
-0.4900000000003306,-6.60384e-08
-0.48000000000033083,-6.394572e-08
-0.47000000000033104,-6.200909e-08
-0.46000000000033126,-6.002351e-08
-0.45000000000033147,-5.804025e-08
-0.4400000000003317,-5.61316e-08
-0.4300000000003319,-5.433428e-08
-0.4200000000003321,-5.247897e-08
-0.4100000000003323,-5.093622e-08
-0.40000000000033253,-4.902944e-08
-0.39000000000033275,-4.740114e-08
-0.38000000000033296,-4.591555e-08
-0.3700000000003332,-4.431722e-08
-0.3600000000003334,-4.266819e-08
-0.3500000000003336,-4.126375e-08
-0.3400000000003338,-3.985508e-08
-0.330000000000334,-3.834162e-08
-0.32000000000033424,-3.69836e-08
-0.31000000000033445,-3.572276e-08
-0.30000000000033467,-3.443858e-08
-0.2900000000003349,-3.317707e-08
-0.2800000000003351,-3.210712e-08
-0.2700000000003353,-3.086627e-08
-0.2600000000003355,-2.962983e-08
-0.25000000000033573,-2.839912e-08
-0.24000000000033594,-2.716069e-08
-0.23000000000033616,-2.599772e-08
-0.22000000000033637,-2.482757e-08
-0.21000000000033658,-2.349135e-08
-0.2000000000003368,-2.227722e-08
-0.190000000000337,-2.107774e-08
-0.18000000000033722,-1.996313e-08
-0.17000000000033744,-1.885818e-08
-0.16000000000033765,-1.773026e-08
-0.15000000000033786,-1.661967e-08
-0.14000000000033808,-1.56068e-08
-0.1300000000003383,-1.450016e-08
-0.1200000000003385,-1.34438e-08
-0.11000000000033872,-1.242588e-08
-0.10000000000033893,-1.135411e-08
-0.09000000000033914,-1.025076e-08
-0.08000000000033936,-9.234422e-09
-0.07000000000033957,-8.130613e-09
-0.06000000000033978,-7.007865e-09
-0.050000000000339995,-5.84845e-09
-0.04000000000034021,-4.72051e-09
-0.03000000000034042,-3.580049e-09
-0.020000000000340634,-2.378535e-09
-0.010000000000340847,-1.199226e-09
-3.410605131648481e-13,-1.444967e-11
0.00999999999965695,1.187966e-09
